studioLabel,animeLabel
Nexus,Comic Girls
NAZ (studio),Ore ga Suki nano wa Imōto dakedo Imōto ja nai
Project No.9,Momo Kyun Sword
Project No.9,Tenshi no 3P!
NAZ (studio),Angolmois: Record of Mongol Invasion
Bandai Namco Pictures,Raven of the Inner Palace
Encourage Films,Deaimon
EMT Squared,Alice or Alice
Project No.9,Bottom-tier Character Tomozaki
Encourage Films,Isekai Cheat Magician
Project No.9,And You Thought There Is Never a Girl Online?
Project No.9,Ryūō no Oshigoto!
Nexus,The Eminence in Shadow
Project No.9,Pastel Memories
Project No.9,"Saikin, Imōto no Yōsu ga Chotto Okaishiin Da Ga."
Passione,Renai Flops
Lay-duce,Heroines Run the Show
Millepensee,Cop Craft
NAZ (studio),Hamatora: The Animation
Creators in Pack,Danchigai
Nexus,Granbelm
Project No.9,Shōjotachi wa Kōya o Mezasu
Project No.9,Kenka Bancho Otome: Girl Beats Boys
EMT Squared,Kuma Miko: Girl Meets Bear
Drive,Teppen—!!!!!!!!!!!!!!!
Troyca,Re:Creators
Studio VOLN,Karakuri Circus
Project No.9,The Angel Next Door Spoils Me Rotten
Project No.9,Hige o Soru. Soshite Joshi Kōsei o Hirou.
Drive,KonoSuba: An Explosion on This Wonderful World!
EMT Squared,I'm Quitting Heroing
C2C,Tsukimichi: Moonlit Fantasy
NAZ (studio),Lucifer and the Biscuit Hammer
C2C,Hitori Bocchi no Marumaru Seikatsu
Project No.9,Didn't I Say to Make My Abilities Average in the Next Life?!
C2C,Wandering Witch: The Journey of Elaina
C2C,PuraOre! Pride of Orange
Troyca,Shinobi no Ittoki
3Hz,Dimension W
Project No.9,High School Prodigies Have It Easy Even In Another World
NAZ (studio),Id:Invaded
C2C,Reincarnated as a Sword
Millepensee,"Wake Up, Girls! New Chapter"
C2C,Shangri-La Frontier
Project No.9,Chronos Ruler
3Hz,Celestial Method
Passione,Haitai Nanafa
C2C,Oneechan ga Kita
Lay-duce,Tomo-chan is a Girl!
Project No.9,Shachiku-san wa Yōjo Yūrei ni Iyasaretai.
Project No.9,My Stepmom's Daughter Is My Ex
C2C,Harukana Receive
Studio VOLN,Back Arrow
Passione,Hinako Note
Passione,The Demon Sword Master of Excalibur Academy
Bandai Namco Pictures,Welcome to Demon School! Iruma-kun
Encourage Films,Chillin' in My 30s After Getting Fired from the Demon King's Army
3Hz,Rifle is Beautiful
3Hz,Flip Flappers
Millepensee,"I Got a Cheat Skill in Another World and Became Unrivaled in the Real World, Too"
Passione,Isekai Meikyū de Harem o
Bandai Namco Pictures,Brave Beats
Passione,Mieruko-chan
Passione,Rokka no Yūsha
Shuka,The Case Files of Jeweler Richard
3Hz,Healer Girl
Passione,Interspecies Reviewers
C2C,"Shachō, Battle no Jikan Desu!"
EMT Squared,The Master of Ragnarok & Blesser of Einherjar
EMT Squared,Assassin's Pride
Lay-duce,Classroom Crisis
EMT Squared,Kuma Kuma Kuma Bear
Troyca,Lord El-Melloi II's Case Files: Rail Zeppelin Grace Note
Lay-duce,Release the Spyce
Passione,Higurashi: When They Cry – Gou
Troyca,Bloom Into You
Lay-duce,Fanfare of Adolescence
EMT Squared,Drugstore in Another World: The Slow Life of a Cheat Pharmacist
Bandai Namco Pictures,Birdie Wing: Golf Girls' Story
Bandai Namco Pictures,Battle Spirits: Burning Soul
C2C,Handyman Saitō in Another World
Liden Films,Rurouni Kenshin
Liden Films,Sekkō Boys
Production IMS,Active Raid
Liden Films,Otherside Picnic
Liden Films,Mayonaka no Occult Kōmuin
Kokusai Eiga-sha,Little Pollon
Liden Films,Hortensia Saga
Liden Films,Hanebado!
Lerche,World Dai Star
Liden Films,Aiura
Production IMS,"Inari, Konkon, Koi Iroha"
Wit Studio,Kizuna no Allele
Liden Films,"Farewell, My Dear Cramer"
Liden Films,The Legendary Hero is Dead!
Liden Films,Magical Girl Spec-Ops Asuka
Kokusai Eiga-sha,Dotakon
Liden Films,My Master Has No Tail
C-Station,Laid-Back Camp
Kokusai Eiga-sha,Les Aventures de Pollen
Production IMS,Hai-Furi
Liden Films,After School Dice Club
Liden Films,Call of the Night
Liden Films,Kotarō wa Hitorigurashi
Liden Films,Kaginado
Liden Films,Killing Bites
Liden Films,Woodpecker Detective's Office
Liden Films,Build Divide: #00000 (Code Black)
Lerche,Given
Lerche,Hakumei and Mikochi
Kokusai Eiga-sha,Les 4 Filles du Dr. March
Wit Studio,Vinland Saga
Wit Studio,After the Rain
Lerche,Astra Lost in Space
Lerche,Mini Hama: Minimum Hamatora
Lerche,Unbreakable Machine-Doll
Lerche,Classroom of the Elite
Liden Films,Tribe Nine
Wit Studio,The Ancient Magus' Bride
Liden Films,Ryman's Club
Lerche,Radiant
Lerche,Konohana Kitan
Wit Studio,Seraph of the End
Wit Studio,Vivy -Fluorite Eye's Song-
Wit Studio,Garugaku.: Sei Girls Square Gakuin
Lerche,Undefeated Bahamut Chronicle
Lerche,Danganronpa: The Animation
Lerche,School-Live!
Lerche,Maji de Watashi ni Koi Shinasai!
Lerche,Magical Girl Raising Project
Lerche,Seven Senses of the Re'Union
Liden Films,Gods' Games We Play
Wit Studio,Hōzuki no reitetsu
Liden Films,Eternal Boys
Wit Studio,L'Attaque des Titans
Liden Films,"Bastard!! -Heavy Metal, Dark Fantasy-"
Liden Films,Insomniacs After School
Lerche,Idoly Pride
Liden Films,Reiwa no Di Gi Charat
Wit Studio,Ōsama Ranking
Lerche,Asobi Asobase
Lerche,Monster Musume
Lerche,Assassination Classroom
Lerche,Re:_Hamatora
Lerche,Rampo kitan: Game of Laplace
Wit Studio,Spy × Family
Wit Studio,Great Pretender (série d'animation)
C-Station,Opus Colors
Lerche,Scum's Wish
Production IMS,Hundred
Lerche,Gyakuten Sekai no Denchi Shōjo
Production IMS,Castle Town Dandelion
Production IMS,The Testament of Sister New Devil
Production IMS,Takunomi.
Lerche,Kino's Journey: The Beautiful World - The Animated Series
Wit Studio,The Rolling Girls
Production IMS,"Ore, Twintail ni Narimasu."
Liden Films,Tokyo Revengers
Wit Studio,Kabaneri of the Iron Fortress
Liden Films,Suppose a Kid From the Last Dungeon Boonies Moved to a Starter Town
Silver Link,Death March to the Parallel World Rhapsody
Silver Link,Bofuri
Silver Link,Mitsuboshi Colors
Silver Link,Kokoro Connect
Silver Link,Strike the Blood
Silver Link,Oniichan dakedo Ai sae Areba Kankeinai yo ne!
Silver Link,Our Last Crusade or the Rise of a New World
Silver Link,Tayutama: Kiss on my Deity
Silver Link,Magic of Stella
Silver Link,C³
Silver Link,My Next Life as a Villainess: All Routes Lead to Doom!
Silver Link,"No Matter How I Look at It, It's You Guys' Fault I'm Not Popular!"
Silver Link,Tearmoon Empire
Feel,Spy Classroom
Silver Link,Chaos;Child
Silver Link,Kenja no Mago
Silver Link,Circlet Princess
Silver Link,Dusk Maiden of Amnesia
Silver Link,The World's Finest Assassin Gets Reincarnated in a Different World as an Aristocrat
Silver Link,Anne Happy
Silver Link,Fate/kaleid liner Prisma Illya
Silver Link,The Misfit of Demon King Academy
Silver Link,The Dungeon of Black Company
Silver Link,The Great Jahy Will Not Be Defeated!
Silver Link,Ao-chan Can't Study!
Silver Link,Chitose Get You!!
Silver Link,Ragna Crimson
Silver Link,The Greatest Demon Lord Is Reborn as a Typical Nobody
Silver Link,Non Non Biyori
Studio Deen,Bomberman Jetters
Studio Deen,Dazzle
Studio Deen,Meshimase Lodoss-tō Senki: Sorette Oishii no?
Silver Link,Deep Insanity: The Lost Child
Studio Deen,Higurashi no Naku Koro ni Kai
Studio Deen,DNA²
Studio Deen,Higurashi no Naku Koro ni
Studio Deen,Rozen Maiden
Silver Link,When Will Ayumu Make His Move?
Studio Deen,Rurouni Kenshin
Studio Deen,Hōzuki no reitetsu
Studio Deen,Rave
Studio Deen,Fruits Basket
Studio Deen,07-Ghost
Studio Deen,Seitokai no Ichizon
Studio Deen,Junjou Romantica
Studio Deen,Sekaiichi hatsukoi
Studio Deen,Juliette je t'aime
Studio Deen,Simoun
Silver Link,Level 1 Demon Lord and One Room Hero
Silver Link,The Maid I Hired Recently Is Mysterious
Studio Deen,Fate/stay night
Studio Deen,Ongaku Shōjo
Studio Deen,Amaenaide yo!!
Studio Deen,The Law of Ueki
Studio Deen,Sakura Trick
Studio Deen,Initial D
Studio Deen,La Fille des enfers
Studio Deen,Kokoro Library
Studio Deen,R.O.D the TV
Studio Deen,AM Driver
Feel,The Yakuza's Guide to Babysitting
Studio Deen,Binchō-tan
Studio Deen,Shining Tears X Wind
Studio Deen,Code-E
Studio Deen,Sankarea
Studio Deen,Amatsuki
Studio Deen,Xuan Yuan Sword Luminary
Silver Link,Baka to Test to Shōkanjū
Studio 4°C,Tweeny Witches
A-1 Pictures,Engage Kiss
A-1 Pictures,Lycoris Recoil
Ufotable,Coyote Ragtime Show
A-1 Pictures,86
A-1 Pictures,Black Butler
A-1 Pictures,Erased
A-1 Pictures,Wotakoi: Love is Hard for Otaku
A-1 Pictures,Your Lie in April
Zexcs,Rental Magica
A-1 Pictures,Hypnosis Mic: Division Rap Battle: Rhyme Anima
Zexcs,Bakuten!!
Zexcs,Our Home's Fox Deity
Zexcs,Chrome Shelled Regios
A-1 Pictures,Persona: Trinity Soul
A-1 Pictures,Night Raid 1931
Zexcs,Say I Love You
A-1 Pictures,Nanana's Buried Treasure
Feel,Otome wa Boku ni Koishiteru
A-1 Pictures,Fate/Apocrypha
Feel,Hinamatsuri
Feel,Ochikobore Fruit Tart
A-1 Pictures,Oreshura
A-1 Pictures,Ace Attorney
A-1 Pictures,Working!!
A-1 Pictures,Sekai Seifuku: le complot de Zvezda
Feel,Shinka no Mi: Shiranai Uchi ni Kachigumi Jinsei
Feel,Papa no Iu Koto o Kikinasai!
Feel,Mayo Chiki!
Feel,Kanamemo
A-1 Pictures,Blend S
A-1 Pictures,Kaguya-sama: Love is War
Zexcs,Cuticle Detective Inaba
A-1 Pictures,Warlords of Sigrdrifa
Zexcs,Umi monogatari
Zexcs,Omamori Himari
A-1 Pictures,Fractale
Feel,Jinki: Extend
Feel,Jinsei
Zexcs,Magician's Academy
Feel,Futakoi alternative
Feel,This Art Club Has a Problem!
A-1 Pictures,Solo Leveling
Zexcs,Shadowverse
A-1 Pictures,Eromanga Sensei
A-1 Pictures,Nier: Automata
Ufotable,Demon Slayer: Kimetsu no Yaiba
Feel,Da Capo II
Ufotable,Katsugeki! Touken Ranbu
Zexcs,Densetsu no Yūsha no Densetsu
A-1 Pictures,Galilei Donna
Ufotable,Futakoi alternative
A-1 Pictures,Interviews with Monster Girls
Feel,Remake Our Life!
A-1 Pictures,Granblue Fantasy The Animation
Feel,In Search of the Lost Future
A-1 Pictures,Visual Prison
Tōei animation,Dragon Ball
Tōei animation,Dokidoki! PreCure
Tōei animation,Marmalade Boy
Tōei animation,Dragon Ball Z
Tōei animation,HappinessCharge PreCure!
Tōei animation,Sailor Moon
Anime International Company,Asobi ni Iku yo!
Anime International Company,Amagami SS
Tōei animation,Hana Yori Dango
Tōei animation,Beet the Vandel Buster
Madhouse,Shigurui
Tōei animation,Star Twinkle PreCure
Tōei animation,Beet the Vandel Buster: Excellion
Madhouse,Jubei-chan 2: The Counterattack of Siberia Yagyu
Tōei animation,Saint Seiya : Les Chevaliers du Zodiaque
Tōei animation,Tropical-Rouge! Precure
Tōei animation,King Arthur: Prince on White Horse
Tōei animation,HUGtto! PreCure
Tōei animation,Futari wa Pretty Cure
Tōei animation,Sandy Jonquille
Tōei animation,Dragon Ball Z Kai
Tōei animation,Great Mazinger
Tōei animation,Go! Princess PreCure
Tōei animation,Dragon Ball Super
Tōei animation,Kirakira☆PreCure a la Mode
Madhouse,Top Secret: The Revelation
Madhouse,Card Captor Sakura ( anime )
Madhouse,Princess of the Bibliophile
Tōei animation,Digimon Data Squad
Tōei animation,Slam Dunk
Tōei animation,Tanken Driland: Sennen no Mahō
Studio A.P.P.P.,Kurogane Communication
Ashi Productions,La Légende de Zorro
Tōei animation,Digimon Adventure
Tōei animation,Digimon Frontier
Tōei animation,Wakusei Robo Danguard Ace
Tōei animation,Capitaine Flam
Tōei animation,Tanken Driland
Tōei animation,Maho Girls PreCure!
Ashi Productions,Jura Tripper
Tōei animation,Shoot!
Tōei animation,takaya todoroki
Tōei animation,Digimon Tamers
Tōei animation,Pyun Pyun Maru
Ashi Productions,Josephina the Whale
Tōei animation,Kamisama Kazoku
Tōei animation,Futari wa Pretty Cure Max Heart
Ashi Productions,Floral Magician Mary Bell
Tōei animation,Healin' Good Pretty Cure
Anime International Company,Nadja
Anime International Company,SoltyRei
Tōei animation,Gekisō! Ruben Kaiser
Tōei animation,Ricky Star
Madhouse,Blade
Madhouse,Monster
Madhouse,Nana
Madhouse,Needless
Madhouse,Kamen no Maid Guy
Madhouse,X-Men
Madhouse,The Vampire Dies in No Time
Anime International Company,Burn-Up Scramble
Madhouse,A Place Further Than The Universe
Madhouse,Ace of Diamond Act II
Madhouse,Kobato
Madhouse,Alderamin on the Sky
Madhouse,Takt op.Destiny
Madhouse,DNA²
Madhouse,Rideback
Madhouse,Chaos;Head
Madhouse,Animation Kikou: Marco Polo no Bōken
Madhouse,No Game No Life
Madhouse,Hanayamata
Anime International Company,Gun X Sword
Madhouse,ACCA: 13-Territory Inspection Dept.
Madhouse,Ace of Diamond
Madhouse,Strawberry Panic!
Madhouse,Kami-sama no Inai Nichiyōbi
Madhouse,Trigun
Madhouse,Kurozuka
Madhouse,Photo Kano
Madhouse,Akagi
Madhouse,Chobits
Madhouse,Strawberry 100%
Madhouse,Sonny Boy
Anime International Company,Kotoura-san
Ashi Productions,Cybuster
Madhouse,Btooom!
Madhouse,Kemonozume
Anime International Company,Petite Princess Yucie
Anime International Company,"Love, Elections & Chocolate"
Madhouse,The Irregular at Magic High School
Madhouse,Oda Nobuna no Yabō
Madhouse,Chance Pop Session
Anime International Company,Shukufuku no Campanella
Madhouse,Magical Warfare
Madhouse,Majin Tantei Nōgami Neuro
Anime International Company,Magical Project S
Anime International Company,Bubblegum Crisis: Tokyo 2040
Anime International Company,Record of Lodoss War: Chronicles of the Heroic Knight
Anime International Company,AD Police
J. C. Staff,PaRappa the Rapper
J. C. Staff,Children of the Whales
Nippon Animation,La Petite Maison dans la prairie (série d'animation)
Nippon Animation,Anne… la maison aux pignons verts
Nippon Animation,Maya l'abeille
Nippon Animation,Tom Sawyer
Nippon Animation,Le Livre de la jungle
Nippon Animation,Chibi Maruko-chan
J. C. Staff,A Certain Magical Index
TMS Entertainment,Virtua Fighter
TMS Entertainment,Mischievous Twins: The Tales of St. Clare's
Group TAC,Miami Guns
TMS Entertainment,Burning Kabaddi
TMS Entertainment,Hachigatsu no Cinderella Nine
J. C. Staff,Urara Meirocho
Nippon Animation,Misha the Little Bear
J. C. Staff,Toradora!
TMS Entertainment,Seirei Gensōki
J. C. Staff,Les Descendants des ténèbres
TMS Entertainment,Itazura na Kiss
Group TAC,"Nadia, le secret de l'eau bleue"
J. C. Staff,Back Street Girls
TMS Entertainment,Dr. Stone
Nippon Animation,Yakunara Mug Cup mo
Nippon Animation,"Conan, le fils du futur"
Nippon Animation,Ordy ou les Grandes Découvertes
Nippon Animation,Hyakko
J. C. Staff,Excel Saga
J. C. Staff,R.O.D the TV
Satelight,Glass Fleet
TMS Entertainment,Roppo Yabure-kun
Satelight,Galaxy Angel Rune
J. C. Staff,The Demon Girl Next Door
TMS Entertainment,Megalo Box
J. C. Staff,La storia della Arcana Famiglia
Nippon Animation,Love All Play
Nippon Animation,Cathy la petite fermière
Nippon Animation,"Karine, l'aventure du Nouveau Monde"
Nippon Animation,Pollyanna
Nippon Animation,Princesse Sarah
Nippon Animation,Kon'nichiwa Anne: Before Green Gables
Nippon Animation,Blocker Gundan 4 Machine Blaster
Satelight,Guin Saga
Satelight,Caligula
J. C. Staff,Dai-Shogun – Great Revolution
Satelight,White Album 2
Nippon Animation,Dagon in the Land of Weeds
Nippon Animation,Little Lulu and Her Little Friends
Nippon Animation,Cosmic Baton Girl Princess Comet
J. C. Staff,"Utena, la fillette révolutionnaire"
TMS Entertainment,Super Dimension Century Orguss
J. C. Staff,Shigofumi
J. C. Staff,Alice SOS
TMS Entertainment,Bug tte Honey
Nippon Animation,Ao no Orchestra
Nippon Animation,Perrine monogatari
Nippon Animation,Attack on Tomorrow
Nippon Animation,Ai no Gakko Cuore Monogatari
Satelight,Engage Planet Kiss Dum
TMS Entertainment,Detective Conan: The Culprit Hanzawa
Nippon Animation,Jackie dans la savane
Nippon Animation,"Pinocchio (série télévisée d'animation, 1976)"
Nippon Animation,Wakakusa no Charlotte
Nippon Animation,Pygmalio
Nippon Animation,Mirai Shounen Conan II: Taiga Adventure
TMS Entertainment,Edgar de la Cambriole (anime)
TMS Entertainment,Lupin the 3rd Part III
TMS Entertainment,Lady Georgie
TMS Entertainment,Lupin III : Une femme nommée Fujiko Mine
TMS Entertainment,Kaze no Shōjo Emily
TMS Entertainment,Telepathy Shōjo Ran
TMS Entertainment,"Edgar, le détective cambrioleur"
Nippon Animation,Le Petit Lord
Nippon Animation,Porphy no Nagai Tabi
Nippon Animation,Uchuusen Sagittarius
Satelight,Basquash!
Nippon Animation,Fūsen no Doratarō
Nippon Animation,Grander Musashi Revolution
Satelight,Aquarion Evol
Satelight,Aquarion Logos
TMS Entertainment,Sherlock Holmes
J. C. Staff,Little Busters!
J. C. Staff,Shakugan no Shana
TMS Entertainment,Zenryoku Rabbits
TMS Entertainment,Trickster
TMS Entertainment,Sweetness and Lightning
TMS Entertainment,Attack No. 1
TMS Entertainment,Rent-A-Girlfriend
J. C. Staff,Shingetsutan Tsukihime
TMS Entertainment,Hero Bank
J. C. Staff,Metal Fighter Miku
Group TAC,Those Who Hunt Elves
Group TAC,Ballad of a Shinigami
Group TAC,Gakuen Alice
J. C. Staff,Prison School
J. C. Staff,"The ""Hentai"" Prince and the Stony Cat"
TMS Entertainment,Fruits Basket
TMS Entertainment,Sonic X
J. C. Staff,Daphne in the Brilliant Blue
P.A. Works,Iroduku : Le Monde en couleur
Diomedéa,Isekai Yakkyoku
Artland,Kenkō Zenrakei Suieibu Umishō
Artland,Mushishi
TNK,Wandaba Style
TNK,Kannazuki no Miko
Triangle staff corp.,Serial Experiments Lain
TNK,Magical Meow Meow Taruto
Triangle staff corp.,Shinkai Densetsu Meremanoid
Doga Kobo,Himouto! Umaru-chan
Ajiadō,Kujibiki Unbalance
Ajiadō,Absolute Boy
TNK,Kaifuku Jutsushi no Yarinaoshi
Ajiadō,Kakushigoto
Doga Kobo,Uchi no Maid ga Uzasugiru!
P.A. Works,Sirius the Jaeger
Diomedéa,Action Heroine Cheer Fruits
P.A. Works,Skip and Loafer
Tezuka Productions,Kanojo mo Kanojo
Gallop,Genji Tsūshin Agedama
TNK,Akaneiro ni Somaru Saka
Hal Film Maker,Prétear
Doga Kobo,Diary of Our Days at the Breakwater
Ajiadō,Ascendance of a Bookworm
Artland,Reborn!
Doga Kobo,Love Lab
Imagin,Spice and Wolf
Hal Film Maker,Aria the Natural
GoHands,W'z
Ajiadō,Kemono Jihen
Diomedéa,Futsal Boys!!!!!
P.A. Works,Appare-Ranman!
Triangle staff corp.,St. Luminous Mission High School
Radix,Misaki Chronicles
Hal Film Maker,Aria the Origination
Tezuka Productions,Endo and Kobayashi Live! The Latest on Tsundere Villainess Lieselotte
Radix,BakéGyamon
Radix,Ailes Grises
Diomedéa,The Magical Revolution of the Reincarnated Princess and the Genius Young Lady
Artland,Komori-san Can't Decline
Ordet,"Wake Up, Girls!"
Tezuka Productions,The Café Terrace and Its Goddesses
P.A. Works,Ya Boy Kongming!
TNK,Shattered Angels
Studio Gokumi,Tsuredure Children
P.A. Works,Akiba Maid War
Asahi Production,Peach Boy Riverside
Arms Corporation,Isuca
P.A. Works,Buddy Daddies
ARTMIC Studios,Mospeada
Asahi Production,Merman in My Tub
Radix,Lemon Angel Project
Tsuchida Production,Manga Kotowaza Jiten
Studio Gokumi,Endro!
Artland,Senran Kagura: Ninja Flash!
Tsuchida Production,Manga Nihonshi
GoHands,Coppelion
GoHands,Project Scard: Scar on the Praeter
Arms Corporation,Hyakka Ryōran
TNK,Immoral Guild
Gallop,Yu-Gi-Oh! Arc-V
Diomedéa,Gingitsune
Tezuka Productions,Dororo
Gallop,Eyeshield 21
Gallop,Rurouni Kenshin
Diomedéa,"Problem Children Are Coming from Another World, Aren't They?"
Doga Kobo,Gabriel DropOut
Doga Kobo,Sleepy Princess in the Demon Castle
Doga Kobo,Ikebukuro West Gate Park
Hal Film Maker,Aria the Animation
Hal Film Maker,Uta Kata
Hal Film Maker,Kemeko Deluxe!
Tezuka Productions,Adachi to Shimamura
Gallop,Kiteretsu Daihyakka
P.A. Works,Fairy Gone
Diomedéa,Astarotte no Omocha!
Diomedéa,Kantai Collection
P.A. Works,The Aquatope on White Sand
Diomedéa,The Saint's Magic Power is Omnipotent
Tezuka Productions,My Home Hero
Gallop,Animal Yokochō
Gallop,Sous le signe des Mousquetaires
Diomedéa,Ahiru no Sora
Diomedéa,Squid Girl
Doga Kobo,Osananajimi ga Zettai ni Makenai Love Comedy
P.A. Works,The Day I Became a God
Digital Frontier,Viper's Creed
Arms Corporation,Brynhildr in the Darkness
Hal Film Maker,Princesse Tutu
Gallop,Me & Roboco
Gallop,Ojarumaru
Diomedéa,Campione!
Diomedéa,Noucome
Diomedéa,Jūō Mujin no Fafnir
Diomedéa,Nogizaka Haruka no Himitsu
Doga Kobo,GJ Club
Doga Kobo,New Game!
Ajiadō,How Not to Summon a Demon Lord
Doga Kobo,Natsuyuki Rendezvous
Ajiadō,Revenger
Pierrot,Puzzle & Dragons
Anime International Company,Pupipō!
Pierrot,Hikaru no Go
Pierrot,Fushigi Yûgi
Anime International Company,Ai Tenchi Muyo!
Madhouse,Super Doll Licca-chan
Madhouse,Marvel Anime
Gaina,Hulaing Babies
Pine Jam,Just Because!
Pierrot,Tobikage
Zero-G,My Roommate is a Cat
Pierrot,Akudama Drive
"Lide, Inc.",Virtual-san Looking
CygamesPictures,Princess Connect! Re:Dive
Pierrot,"Play It Cool, Guys"
Ashi Productions,Rainbow Days
Pierrot,Bleach: Thousand-Year Blood War
Manglobe,The Sacred Blacksmith
Manglobe,Samurai champloo
Ashi Productions,F-Zero: GP Legend
Studio Deen,F
Studio Deen,Is This a Zombie?
Studio Deen,Shōnen Onmyōji
Studio Deen,Tactics
Studio Deen,Eden's Bowy
Ashi Productions,Blue Seed
Studio Deen,Chūbyou Gekihatsu Boy
Studio Deen,Samurai Deeper Kyo
Ashi Productions,The Tale of the Outcasts
Ashi Productions,Time Travel Tondekeman
Manglobe,Deadman Wonderland
Yaoyorozu,Kemono Friends
Anime International Company,Special A
Anime International Company,Nyan koi!
Anime International Company,Jinrui wa Suitai Shimashita
Anime International Company,Sasameki Koto
Anime International Company,Oreimo
Studio Deen,Sasaki and Miyano
Studio Deen,Dragon Crisis!
CloverWorks,Persona 5: The Animation
Madhouse,Jubei-chan
Studio Deen,Gurazeni
Madhouse,L'Âge du Verseau
Ashi Productions,Idol Angel Yokoso Yoko
Anime International Company,My Bride is a Mermaid
Anime International Company,Ga-Rei: Zero
Manglobe,Michiko to Hatchin
Madhouse,Magical Meow Meow Taruto
Pierrot,Kingdom
Pierrot,Bleach
Pierrot,Baby Steps
Pierrot,Magical Hat
Pierrot,Naruto: Shippūden
Anime International Company,Place to Place
Anime International Company,Boku wa Tomodachi ga Sukunai
Pierrot,Bismarck
Anime International Company,Magical Canan
Anime International Company,Pumpkin Scissors
Anime International Company,Goshūshō-sama Ninomiya-kun
CygamesPictures,Manaria Friends
Pierrot,Tokyo Ghoul √A
Anime International Company,Viper's Creed
Pierrot,Gunjō no Magmell
Manglobe,Hayate the Combat Butler: Can't Take My Eyes Off You
Anime International Company,Nekogami Yaoyorozu
Madhouse,Kiba
Madhouse,Di Gi Charat Nyo!
Madhouse,Carried by the Wind: Tsukikage Ran
Pierrot,Tokyo Ghoul
Pierrot,Hanasakeru Seishōnen
Pierrot,Power Stone
Pierrot,Les Mystérieuses Cités d'or
Pierrot,Blue Dragon
Pierrot,Lamu
Anime International Company,Heaven's Lost Property: Forte
Manglobe,Unlimited Psychic Squad
Ashi Productions,La Revanche des Gobots
Manglobe,Ergo Proxy
Madhouse,Casshern Sins
Pierrot,Tokyo Mew Mew
Anime International Company,GA Geijutsuka Art Design Class
Gaina,Forest of Piano
Manglobe,Hayate the Combat Butler: Cuties
Madhouse,Kaiba
Pierrot,Yona of the Dawn
Pierrot,Ore wa Chokkaku
Pierrot,Détective Academie Q
Pierrot,Trois petits fantômes
Anime International Company,Strike Witches 2
Anime International Company,Mayoi Neko Overrun!
Anime International Company,Wandering Son
Anime International Company,Heaven's Lost Property
Pierrot,Divine Gate
Anime International Company,Great Dangaioh
CloverWorks,Darling in the Franxx
Studio Deen,Yami to Bōshi to Hon no Tabibito
Madhouse,Mujin wakusei Survive
Pierrot,ēlDLIVE
Pierrot,Beelzebub
Anime International Company,Day Break Illusion
SynergySP,Kakkō no Iinazuke
SynergySP,MÄR
Doga Kobo,Kawaii dake ja Nai Shikimori-san
Doga Kobo,Devils and Realist
Doga Kobo,Luck & Logic
Doga Kobo,Wataten!: An Angel Flew Down to Me
DLE,Haiyoru! Nyaruani: Remember My Love(craft-sensei)
Doga Kobo,Touken Ranbu: Hanamaru
Nomad,Kyōran Kazoku Nikki
Brain's Base,Baccano!
Brain's Base,Daigunder
Brain's Base,Isshūkan Friends
Studio Hibari,High Card
Doga Kobo,Plastic Memories
Radix,Silent Möbius
Ordet,"Wake Up, Girl ZOO!"
Seven Arcs,Arte
Seven Arcs,Blue Period
Kinema Citrus,Tôkyô Magnitude 8.0
Nomad,Alice Gear Aegis
Doga Kobo,Saint Cecilia and Pastor Lawrence
Seven Arcs,Sekirei: Pure Engagement
SynergySP,Kawaisugi Crisis
David Production,Cells at Work!
David Production,Strike Witches: Road to Berlin
Doga Kobo,Technoroid Overmind
David Production,Urusei Yatsura
David Production,Fire Force
Asahi Production,A Galaxy Next Door
Seven Arcs,Sekirei
David Production,2.43: Seiin Kōkō Danshi Volley-bu
Seven Arcs,Saredo Tsumibito wa Ryū to Odoru
Seven Arcs,Fly Me to the Moon
DLE,Neko Jockey
DLE,Doramachikku Nōnai
Studio Hibari,Juden Chan
Studio Hibari,Meshimase Lodoss-tō Senki: Sorette Oishii no?
David Production,Choujigen Game Neptune: The Animation
Knack Productions,Manga Sarutobi Sasuke
Studio Hibari,Yoshinaga-san Chi no Gargoyle
Studio Hibari,Kashimashi: Girl Meets Girl
Studio Hibari,Yumeiro Patissiere
Studio Hibari,Clean Freak! Aoyama kun
Brain's Base,Kure-nai
Brain's Base,In/Spectre
SynergySP,Hayate the Combat Butler
Brain's Base,Blood Lad
SynergySP,Mermaid Melody Pichi Pichi Pitch
Doga Kobo,Koihime Musō
SynergySP,Beast Saga
Doga Kobo,Gekkan Shōjo Nozaki-kun
Studio Hibari,Happy Lesson
Doga Kobo,YuruYuri♪♪
Doga Kobo,How Heavy Are the Dumbbells You Lift?
Knack Productions,Astroganger
Brain's Base,D-Frag!
Brain's Base,Akikan!
Knack Productions,Robby the Rascal
Brain's Base,Kamichu!
Doga Kobo,Hoshizora e Kakaru Hashi
Doga Kobo,Aria the Scarlet Ammo AA
Doga Kobo,RPG Fudōsan
Doga Kobo,Myself ; Yourself
David Production,Inu x Boku SS
Radix,Love Get Chu : Miracle Seiyū Hakusho
Nomad,Sola
Doga Kobo,Sewayaki Kitsune no Senko-san
Knack Productions,Family!
SynergySP,Zettai Karen Children
Brain's Base,To Your Eternity
Doga Kobo,Mangirl!
Doga Kobo,YuruYuri
Doga Kobo,Laughing Under the Clouds
SynergySP,Taisho Otome Fairy Tale
SynergySP,Battle in 5 Seconds After Meeting
Doga Kobo,Asteroid in Love
Doga Kobo,Senpai ga Uzai Kōhai no Hanashi
Seven Arcs,Extreme Hearts
Doga Kobo,Majestic Prince
Seven Arcs,Chained Soldier
Asahi Production,Dolls' Frontline
Polygon Pictures,Estab-Life: Great Escape
Doga Kobo,Tada Never Falls in Love
Nomad,Modern Magic Made Simple
Doga Kobo,Anima Yell!
Brain's Base,Kamisama Dolls
David Production,Urusei Yatsura (2022 TV series)
Polygon Pictures,Kaina of the Great Snow Sea
Brain's Base,The Kawai Complex Guide to Manors and Hostel Behavior
Doga Kobo,Oshi no Ko
Doga Kobo,Selection Project
Doga Kobo,11eyes : Tsumi to batsu to aganai no shōjo
Studio Hibari,Lime-iro Senkitan
Doga Kobo,Yakushiji Ryōko no Kaiki Jikenbo
Doga Kobo,"Three Leaves, Three Colors"
Doga Kobo,Engaged to the Unidentified
Doga Kobo,Mikagura School Suite
Nomad,Koi to Yobu ni wa Kimochi Warui
Nomad,Chocotto Sister
Asahi Production,Giant Beasts of Ars
Tōei animation,Digimon Adventure 02
Tōei animation,Fresh Pretty Cure!
Tōei animation,King Arthur
Tōei animation,One Piece
Tōei animation,Dr Slump
Tōei animation,Kanon
Ekachi Epilka,180-Byō de Kimi no Mimi o Shiwase ni Dekiru ka?
CloverWorks,The Millionaire Detective - Balance: Unlimited
AXsiZ,Ms. Vampire Who Lives in My Neighborhood
Science SARU,The Heike Story
Pine Jam,Gleipnir
CloverWorks,In the Heart of Kunoichi Tsubaki
Tōei animation,Olive et Tom
Tōei animation,HeartCatch PreCure!
Tōei animation,Yes! PreCure 5
CloverWorks,Tokyo 24th Ward
Zero-G,Tsugumomo
NUT (studio),Deca-Dence
Tōei animation,Ikkyū-san
Maho Film,In the Land of Leadale
Geno Studio,Shine On! Bakumatsu Boys
Tōei animation,"Gokinjo, une vie de quartier"
Tōei animation,Xenosaga: The Animation
Blade,Level 1 Demon Lord and One Room Hero
Blade,The Maid I Hired Recently Is Mysterious
Science SARU,Yurei Deco
Connect,Slow Loop
Tōei animation,Mononoke
Tōei animation,Space Warrior Baldios
Tōei animation,Yes! Pretty Cure 5 Go Go!
Tōei animation,Armored Fleet Dairugger XV
Tōei animation,Galaxy Cyclone Braiger
Tōei animation,Balatack
Signal.MD,Kizuna no Allele
Signal.MD,The Fire Hunter
Bandai Namco Filmworks,Mobile Suit Zeta Gundam
NUT (studio),Saga of Tanya the Evil
AXsiZ,Yumemiru Danshi wa Genjitsushugisha
EMT Squared,Beast Tamer
Maho Film,By the Grace of the Gods
Maho Film,I'm Standing on a Million Lives
Tōei animation,Futari wa Pretty Cure
Tōei animation,Mahō no Mako-chan
Pine Jam,Kubo Won't Let Me Be Invisible
Studio Blanc,Uramichi Oniisan
Zero-G,Grand Blue
Bandai Namco Filmworks,Gundam Seed Destiny
Tōei animation,Pretty Cure Splash Star
Tōei animation,Mahōtsukai Chappy
Tōei animation,"Ken, l'enfant-loup"
Bandai Namco Filmworks,Mobile Suit Victory Gundam
Bandai Namco Filmworks,Mobile Suit Gundam ZZ
Bandai Namco Filmworks,Genki Bakuhatsu Ganbaruger
Ekachi Epilka,Aru Asa Dummy Head Mike ni Natteita Ore-kun no Jinsei
EMT Squared,Chronicles of an Aristocrat Reborn in Another World
Tōei animation,Suite PreCure♪
Tōei animation,Smile PreCure!
Maho Film,"I'm the Villainess, So I'm Taming the Final Boss"
Bandai Namco Filmworks,Superior Defender Gundam Force
Bandai Namco Filmworks,The Brave Fighter of Legend Da-Garn
CloverWorks,Shadows House
CloverWorks,My Dress-Up Darling
CloverWorks,Horimiya
CloverWorks,Seishun Buta Yarō
Signal.MD,Platinum End
Bandai Namco Filmworks,Idolmaster: Xenoglossia
Bandai Namco Filmworks,Future GPX Cyber Formula
Studio Gainax,Neon Genesis Evangelion
CloverWorks,Wonder Egg Priority
Tōei animation,Les 4 Filles du Dr. March
Bones,Fullmetal Alchemist
Bones,Tôkyô Magnitude 8.0
Bibury Animation Studios,Prima Doll
AXsiZ,Ms. Koizumi Loves Ramen Noodles
Bandai Namco Filmworks,Future Robot Daltanious
CloverWorks,Akebi's Sailor Uniform
CloverWorks,Bocchi the Rock!
Signal.MD,Mars Red
Signal.MD,Dragon Goes House-Hunting
Bones,Fullmetal Alchemist: Brotherhood
AXsiZ,Maesetsu!
CloverWorks,Slow Start
AXsiZ,World's End Harem
CloverWorks,Spy × Family
Zero-G,Farming Life in Another World
Studio Blanc,The Reincarnation of the Strongest Exorcist in Another World
Zero-G,The Ice Guy and His Cool Female Colleague
Connect,Strike the Blood
Science SARU,Japan Sinks 2020
CygamesPictures,The Idolmaster Cinderella Girls U149
Geno Studio,Golden Kamuy
Signal.MD,Tantei Team KZ Jiken Note
Signal.MD,Recovery of an MMO Junkie
Blade,The Greatest Demon Lord Is Reborn as a Typical Nobody
Pine Jam,Gamers!
AXsiZ,Ulysses: Jeanne d'Arc to Renkin no Kishi
Pine Jam,Kageki Shojo!!
Pine Jam,Do It Yourself!!
Gaina,The Yakuza's Guide to Babysitting
Studio Gainax,"Nadia, le secret de l'eau bleue"
P.A. Works,Angel Beats!
J. C. Staff,Skate-Leading Stars
Tatsunoko Production,C
J. C. Staff,WIXOSS Diva(A)Live
J. C. Staff,Rune Soldier
J. C. Staff,Nabari no Ou
J. C. Staff,Witchcraft Works
Tatsunoko Production,Neon Genesis Evangelion
Shin-Ei Animation,Edgar de la Cambriole (anime)
J. C. Staff,Joshiraku
J. C. Staff,Kare Kano
Shin-Ei Animation,Chimimo
J. C. Staff,Minami Kamakura High School Girls Cycling Club
J. C. Staff,Alice & Zoroku
Gonzo,Final Fantasy : Unlimited
P.A. Works,Tari Tari
Tatsunoko Production,Golden Warrior Gold Lightan
J. C. Staff,If I See You in My Dreams
J. C. Staff,Sword Oratoria: Is It Wrong to Try to Pick Up Girls in a Dungeon? On the Side
J. C. Staff,Azumanga Daioh
J. C. Staff,Blue Reflection Ray
J. C. Staff,Heaven's Memo Pad
Satelight,Croisée in a Foreign Labyrinth
Satelight,Scared Rider Xechs
Satelight,Girly Air Force
Satelight,Somali and the Forest Spirit
J. C. Staff,Combatants Will Be Dispatched!
J. C. Staff,Virus Buster Serge
J. C. Staff,The Duke of Death and His Maid
J. C. Staff,Maburaho
Satelight,Lord Marksman and Vanadis
J. C. Staff,Last Period
Satelight,Hakata Tonkotsu Ramens
J. C. Staff,Sacrificial Princess and the King of Beasts
J. C. Staff,Mewkledreamy
J. C. Staff,The Strongest Sage With the Weakest Crest
J. C. Staff,Sugar Apple Fairy Tale
Shin-Ei Animation,Tonari no Seki-kun
Shin-Ei Animation,Trickster
Gonzo,Kaze no Stigma
Gonzo,Special A
Gonzo,SoltyRei
Gonzo,Hellsing
Gonzo,Linebarrels of Iron
Gonzo,Gravion
Tatsunoko Production,Mospeada
Gonzo,Saki
Gonzo,Glass Fleet
Gonzo,Dog & Scissors
Eiken,UFO Warrior Dai Apolon
Shin-Ei Animation,Doraemon
Shin-Ei Animation,Teasing Master Takagi-san
Shin-Ei Animation,PUI PUI Rongeurs à moteur
Gonzo,My Bride is a Mermaid
Gonzo,Trinity Blood
Gonzo,Peacemaker Kurogane
Gonzo,Strike Witches
Gonzo,Bakuretsu tenshi
Gonzo,Aokana: Four Rhythm Across the Blue
Shin-Ei Animation,Denkigai no Honya-san
Tatsunoko Production,La Maison volante
Gonzo,Pumpkin Scissors
Gonzo,Rosario + Vampire
Shin-Ei Animation,Those Snow White Notes
Shin-Ei Animation,Idolls!
Shin-Ei Animation,Ultra B
Gonzo,Kakuriyo no Yadomeshi
Gonzo,Blassreiter
Gonzo,Blade & Soul
Satelight,Sakugan
Gonzo,Saikano
Gonzo,Welcome to the N.H.K.
Satelight,Black Summoner
P.A. Works,Hanasaku Iroha
Shin-Ei Animation,Kakkō no Iinazuke
Shin-Ei Animation,The Dangers in My Heart
J. C. Staff,Yumekui Merry
J. C. Staff,Maid Sama!
J. C. Staff,Golden Time
J. C. Staff,Loveless
J. C. Staff,Maze
J. C. Staff,Is It Wrong to Try to Pick Up Girls in a Dungeon?
J. C. Staff,Nodame Cantabile
J. C. Staff,Mahoraba 〜Heartful days
J. C. Staff,Taboo Tattoo
J. C. Staff,How a Realist Hero Rebuilt the Kingdom
J. C. Staff,Sky Girls
J. C. Staff,Taishō Yakyū Musume.
J. C. Staff,Aria the Scarlet Ammo
J. C. Staff,Edens Zero
J. C. Staff,Hayate the Combat Butler!!
J. C. Staff,The Executioner and Her Way of Life
J. C. Staff,Nanaka 6/17
J. C. Staff,Melody of Oblivion
J. C. Staff,A Certain Scientific Railgun
J. C. Staff,Heavy Object
J. C. Staff,Fleurs bleues
J. C. Staff,Best Student Council
J. C. Staff,Doki Doki School Hours
Shaft,Luminous Witches
P.A. Works,True Tears
P.A. Works,Sakura Quest
Tatsunoko Production,Generator Gawl
Tatsunoko Production,Superbook II
Studio Comet,RobiHachi
Tatsunoko Production,Sket Dance
Tatsunoko Production,Les Aventures de Robin des Bois
Tatsunoko Production,Okawari-Boy Starzan S
Shaft,March Comes In Like a Lion
Shaft,RWBY: Ice Queendom
Tatsunoko Production,Gordian Warrior
Tatsunoko Production,Alpen Rose
Studio Comet,High School Mystery: Gakuen Nanafushigi
Tatsunoko Production,Pretty Rhythm: All Star Selection
Tatsunoko Production,PriPara
P.A. Works,Glasslip
Studio Comet,Peach Girl
P.A. Works,Shirobako
P.A. Works,Kuromukuro
Tatsunoko Production,"Wake Up, Girls!"
Studio Comet,Sora no Manimani
Magic Bus,Chronicles of an Aristocrat Reborn in Another World
Mushi Production,Dororo to Hyakkimaru
Studio Comet,Reborn to Master the Blade: From Hero-King to Extraordinary Squire
Studio Comet,The Marshmallow Times
Tatsunoko Production,Namiuchigiwa no Muromi-san
Tatsunoko Production,Akubi-chan
Tatsunoko Production,The Price of Smiles
Tatsunoko Production,Yozakura Quartet: Hana no Uta
Tatsunoko Production,The Adventures of Hutch the Honeybee
Tatsunoko Production,Hyppo and Thomas
Tatsunoko Production,Yatterman Night
Shaft,Assault Lily Bouquet
Shaft,Denpa Onna to Seishun Otoko
Tatsunoko Production,Shōwa Ahō Zhoshi Akanuke Ichiban!
Shaft,Sasami-san@Ganbaranai
Tatsunoko Production,Waccha PriMagi!
Eiken,Suteki! Sakura Mama
Shaft,He Is My Master
Tatsunoko Production,The Legend of Heroes: Trails of Cold Steel – Northern War
Tatsunoko Production,Ping Pong the Animation
Shaft,Pani Poni Dash!
Shaft,Dotto! Koni-chan
P.A. Works,Charlotte
Shaft,Gourmet Girl Graffiti
Shaft,Tsukuyomi: Moon Phase
Shaft,"Sayonara, Zetsubou-Sensei"
P.A. Works,Nagi no Asukara
Shaft,Magia Record
Tōei animation,Phantom Thief Jeanne
White fox,Goblin Slayer
Bones,Godzilla Singular Point
Studio Gainax,Hôkago no Pleiades
Tōei animation,Dragon Quest: The Adventure of Dai
Bones,Carole & Tuesday
Bandai Namco Filmworks,La Tulipe noire
Bandai Namco Filmworks,Brigadoon: Marin & Melan
Bandai Namco Filmworks,"Zone of the Enders: Dolores, i"
Bandai Namco Filmworks,Betterman
Bandai Namco Filmworks,Giant Gorg
Tōei animation,Cyborg 009
Bandai Namco Filmworks,Fang of the Sun Dougram
Bandai Namco Filmworks,Gear Fighter Dendoh
Kyoto Animation,Clannad
Kyoto Animation,Lucky Star
Kyoto Animation,Air
Kyoto Animation,Kanon
Tōei animation,Aishite Knight
Bones,Angelic Layer: Mobile Angel
Bandai Namco Filmworks,Outlaw Star
Bandai Namco Filmworks,The Ultraman
Bandai Namco Filmworks,Tales of the Abyss
Bandai Namco Filmworks,DT Eightron
Kyoto Animation,Munto
Tōei animation,Ghost Sweeper Mikami
Bandai Namco Filmworks,Brave Command Dagwon
Bandai Namco Filmworks,Gasaraki
Bandai Namco Filmworks,Sora wo kakeru shōjo
Production I.G,Erin
Kyoto Animation,Clannad After Story
Bandai Namco Filmworks,Witch Hunter Robin
Bandai Namco Filmworks,Aura Battler Dunbine
Bandai Namco Filmworks,The Brave Express Might Gaine
Production I.G,Ghost in the Shell: SAC 2045
Production I.G,Fena: Pirate Princess
Kyoto Animation,Fullmetal panic? fumoffu
Production I.G,Moribito: Guardian of the Spirit
Tōei animation,Digimon Ghost Game
Bandai Namco Filmworks,Crush Gear Turbo
Bandai Namco Filmworks,Seraphim Call
Bandai Namco Filmworks,Combat Mecha Xabungle
Production I.G,Ace of Diamond
Kyoto Animation,Tamako Market
Production I.G,Guilty Crown
Production I.G,Blue Seed
Kyoto Animation,Beyond the Boundary
Production I.G,PaRappa the Rapper
Bandai Namco Filmworks,Mighty Cat Masked Niyandar
Bandai Namco Filmworks,Trider G7
Production I.G,PIKAIA!
Production I.G,Aoashi
Production I.G,Moriarty the Patriot
Bones,Darker than Black: Ryūsei no Gemini
Bones,Soul Eater Not!
Bee Train,Noir
Bee Train,Avenger
Bandai Namco Filmworks,Brave Police J-Decker
Bandai Namco Filmworks,Metal Armor Dragonar
Bandai Namco Filmworks,Panzer World Galient
Bandai Namco Filmworks,Love Live! School Idol Project
Bandai Namco Filmworks,Brave Exkaiser
Bones,Mob Psycho 100
Production I.G,Ao Haru Ride
Production I.G,Shining Hearts: Shiawase no Pan
Bones,Bungo Stray Dogs
Tōei animation,Delicious Party Precure
Bones,SK∞ the Infinity
Bones,The Case Study of Vanitas
Bones,Scrapped Princess
Studio Gainax,Medaka Box
Bones,Concrete Revolutio
Bones,Pilote Dragon : Hisone et Masotan
Production I.G,Le Chevalier d'Éon
Production I.G,Suisei no gargantia
Bones,Concrete Revolutio: The Last Song
Bones,The Skull Man
Bones,Gosick
Bones,Soul Eater
Studio Gainax,He Is My Master
Studio Gainax,Dantalian no Shoka
Bee Train,Phantom: Requiem for the Phantom
Bones,Darker than Black
Studio Gainax,Hanamaru Kindergarten
Studio Gainax,Panty and Stocking with Garterbelt
Bee Train,Madlax
White fox,Tears to Tiara
Production I.G,Blood+
Production I.G,Bunny Drop
Production I.G,Eden of the East
Studio Gainax,Petite Princess Yucie
Studio Gainax,Kare Kano
White fox,Katanagatari
Bones,Jyu oh sei
Production I.G,Housing Complex C
White fox,Arifureta: From Commonplace to World's Strongest
Bones,Ouran High School Host Club
Bones,Captain Earth
Shirogumi,Sushi Sumo
Orange,L'Ère des Cristaux
Seven,Ai-Mai-Mi
Hoods Entertainment,Gekidol
Studio Gokumi,Ms. Koizumi Loves Ramen Noodles
Bridge (studio),Nobunagun
Actas,Long Riders!
Studio Gokumi,Saki: The Nationals
MAPPA,Kakegurui
MAPPA,Granblue Fantasy The Animation Season 2
TYO Animations,Miracle Train: Ōedo-sen e Yōkoso
Studio Gokumi,Maesetsu!
Sanzigen,Sakura Wars the Animation
Sanzigen,D4DJ First Mix
Studio Gokumi,World's End Harem
Studio Gokumi,A Channel
Studio Gokumi,The Severing Crime Edge
Studio Gokumi,"Kono Naka ni Hitori, Imōto ga Iru!"
MAPPA,Yuri on Ice
MAPPA,Zombie Land Saga
Trans Arts,Erin
MAPPA,Chainsaw Man
Kinema Citrus,Code: Breaker
8-Bit,How to Keep a Mummy
Trigger,Kill la Kill
TYO Animations,Akkun to Kanojo
Trigger,Uchū Patrol Luluco
Trigger,Darling in the Franxx
Kinema Citrus,Black Bullet
8-Bit,Walkure Romanze: Shōjo Kishi Monogatari
Trigger,SSSS.Dynazenon
Studio Gokumi,Oda Nobuna no Yabō
TYO Animations,CUE!
Hoods Entertainment,Manyū Hiken-chō
TYO Animations,Muv-Luv Alternative
8-Bit,Aquarion Evol
Hoods Entertainment,BlazBlue Alter Memory
Kinema Citrus,The Rising of the Shield Hero
Studio Gokumi,Lance N' Masques
Bridge (studio),Yu-Gi-Oh! Sevens
8-Bit,The Irregular at Magic High School: Visitor Arc
Kinema Citrus,Made in Abyss
Shirogumi,Night Head 2041
Studio Gokumi,Ms. Vampire Who Lives in My Neighborhood
Bridge (studio),Yu-Gi-Oh! Go Rush!!
Studio Gokumi,Kin-iro Mosaic
Asread,Ga-Rei: Zero
Asread,Shuffle!
Studio Matrix,Green Green
Asread,Megami-ryō no Ryōbo-kun
Studio Gokumi,Phantom of the Idol
Knack Productions,Psycho Armor Govarian
Asread,Arifureta: From Commonplace to World's Strongest
Kinema Citrus,Revue Starlight
Seven,Nobunaga Sensei no Osanazuma
Studio Gokumi,Yumemiru Danshi wa Genjitsushugisha
Orange,Dimension W
TYO Animations,Tamayura: Hitotose
TYO Animations,Tamayura: More Aggressive
TYO Animations,Tokyo Mew Mew New
Kinema Citrus,Kuma Miko: Girl Meets Bear
Actas,Tactical Roar
MAPPA,Days
Actas,Regalia: The Three Sacred Stars
MAPPA,Jujutsu Kaisen
MAPPA,Dororo
Seven,Ai-Mai-Mi: Mousou Catastrophe
Actas,Girls und Panzer
MAPPA,L'Attaque des Titans
MAPPA,Listeners
Orange,Majestic Prince
Trigger,Kiznaiver
Orange,Active Raid
Seven,Recorder and Randsell
MAPPA,Inuyashiki
Trigger,SSSS.Gridman
Kinema Citrus,Made in Abyss: The Golden City of the Scorching Sun
8-Bit,Shōnen Maid
MAPPA,Taiso Samurai
Trigger,BNA: Brand New Animal
8-Bit,Comet Lucifer
8-Bit,Knight's & Magic
Chaos Project,Shrine of the Morning Mist
Shirogumi,Revisions
Trigger,Little Witch Academia
Seven,Joshi Kausei
Orange,Beastars
Seven,Ai-Mai-Mi: Surgical Friends
MAPPA,To the Abandoned Sacred Beasts
8-Bit,Busou Shinki
8-Bit,Encouragement of Climb
MAPPA,Heion Sedai no Idaten-tachi
MAPPA,RE-MAIN
Trigger,When Supernatural Battles Became Commonplace
8-Bit,Stars Align
Bridge (studio),Shaman King
8-Bit,Tokyo Ravens
Hoods Entertainment,Kanojo ga Flag o Oraretara
8-Bit,Rewrite
Bridge (studio),Talentless Nana
Sanzigen,Heavy Object
MAPPA,Season 1
Studio Mother,"More Than a Married Couple, But Not Lovers"
Tezuka Productions,Unico
Diomedéa,Nogizaka Haruka no Himitsu: Purezza
Shaft,Hidamari Sketch × Honeycomb
SynergySP,"Mermaid Melody Pichi Pichi Pitch, season 1"
Madhouse,Galaxy Angel
Studio Hibari,"Happy Lesson, season 1"
Tezuka Productions,"The Quintessential Quintuplets, season 1"
MAPPA,Kakegurui Twin
Actas,"Mermaid Melody Pichi Pichi Pitch, season 1"
MAPPA,Takt op.Destiny
Studio Flad,4-Nin wa Sorezore Uso o Tsuku
Kinema Citrus,"The Rising of the Shield Hero, season 1"
Kinema Citrus,"The Rising of the Shield Hero, season 2"
Felix Film,"Saving 80,000 Gold in Another World for My Retirement"
Trans Arts,Kappamaki
8-Bit,Shy
8-Bit,Absolute Duo
Actas,Eiyū Kyōshitsu
MAPPA,Banana Fish
Okuruto Noboru,Tomodachi Game
Gonzo,Rosario + Vampire: Capu2
Brain's Base,"My Teen Romantic Comedy SNAFU, season 1"
Madhouse,Galaxy Angel Z
Studio Hibari,Happy Lesson Advance
Feel,"My Teen Romantic Comedy SNAFU, season 2"
8-Bit,The Slime Diaries: That Time I Got Reincarnated as a Slime
8-Bit,Blue Lock
J. C. Staff,"Is It Wrong to Try to Pick Up Girls in a Dungeon?, season 3"
8-Bit,Infinite Stratos
TMS Entertainment,"Megalobox, season 1"
Production IMS,Date a Live II
Studio Kai,Shine Post
8-Bit,The Fruit of Grisaia
MAPPA,Dance Dance Danseur
Seven Arcs,"Dog Days, season 1"
Seven Arcs,Dog Days'
Group TAC,Those Who Hunt Elves 2
A-1 Pictures,Ore no Imōto ga Konna ni Kawaii Wake ga Nai.
Madhouse,Galaxy Angel 3
E&G Films,Slayers Try
E&G Films,"Slayers, season 1"
P.A. Works,"Uma Musume Pretty Derby, season 1"
Studio Bind,Onimai: I'm Now Your Sister!
Studio Kai,Skeleton Knight in Another World
8-Bit,"That Time I Got Reincarnated as a Slime, season 1"
Diomedéa,"Nogizaka Haruka no Himitsu, season 1"
MAPPA,Campfire Cooking in Another World with My Absurd Skill
Feel,My Teen Romantic Comedy SNAFU Climax
Studio A-Cat,Battle in 5 Seconds After Meeting
SynergySP,Mermaid Melody Pichi Pichi Pitch Pure
3Hz,The Devil Is a Part-Timer!!
Studio A-Cat,Kenja no Deshi o Nanoru Kenja
Arms Corporation,"Hyakka Ryōran, season 1"
Arms Corporation,Hyakka Ryōran: Samurai Bride
8-Bit,"If My Favorite Pop Idol Made It to the Budokan, I Would Die"
J. C. Staff,Slayers Revolution
Sublimation Inc.,Shikizakura
Actas,Mermaid Melody Pichi Pichi Pitch Pure
Orange,Godzilla Singular Point
Silver Link,Masamune-kun's Revenge
Shin-Ei Animation,"Teasing Master Takagi-san, season 1"
Shin-Ei Animation,"Teasing Master Takagi-san, season 3"
Shin-Ei Animation,"Teasing Master Takagi-san, season 2"
J. C. Staff,Date a Live III
Q111986120,Migi to Dali
Vega Entertainment,Battle in 5 Seconds After Meeting
TMS Entertainment,Rupan Hassei
Silver Link,Non Non Biyori Nonstop
TMS Entertainment,Devichil
Studio Hibari,Yumeiro Patissiere SP Professional
Studio Hibari,"Yumeiro Patissiere, season 1"
E&G Films,Slayers Next
8-Bit,"That Time I Got Reincarnated as a Slime, season 2"
J. C. Staff,"Is It Wrong to Try to Pick Up Girls in a Dungeon?, season 4"
Lapin Track,I'm Kodama Kawashiri
Group TAC,"Those Who Hunt Elves, season 1"
Diomedéa,"Squid Girl, season 1"
Diomedéa,"Squid Girl, season 2"
Vega Entertainment,Babel II: Beyond Infinity
Felix Film,Aharen-san wa Hakarenai
Hornets,Skeleton Knight in Another World
C-Station,"Laid-Back Camp, season 1"
Sanzigen,D4DJ All Mix
J. C. Staff,"Is It Wrong to Try to Pick Up Girls in a Dungeon?, season 2"
Revoroot,I've Been Killing Slimes for 300 Years and Maxed Out My Level
TMS Entertainment,Megalobox 2: Nomad
ARTMIC Studios,Crimson Wolf
Orange,Trigun Stampede
David Production,Spriggan
Studio Palette,The World's Finest Assassin Gets Reincarnated in a Different World as an Aristocrat
Felix Film,Otherside Picnic
Yokohama Animation Laboratory,Magatsu Wahrheit: Zuerst
Tatsunoko Production,Kiratto Pri Chan
Satelight,Macross Delta the Movie: Passionate Walküre
MAPPA,"Jujutsu Kaisen, season 1"
TMS Entertainment,Lupin III vs Détective Conan
J. C. Staff,Slayers Evolution-R
Silver Link,"Non Non Biyori, season 1"
Silver Link,"Restaurant to Another World, season 1"
Arvo Animation,Monster Girl Doctor
Studio A-Cat,Tamayomi
Project No.9,Ro-Kyu-Bu! SS
MAPPA,"Jujutsu Kaisen, Arc Shibuya"
Drive,"KonoSuba, season 3"
C-Station,"Laid-Back Camp, season 2"
J. C. Staff,"Is It Wrong to Try to Pick Up Girls in a Dungeon?, season 1"
Platinum Vision,Love of Kill
Studio Kai,Cagaster of an Insect Cage
Silver Link,Baka to Test to Shōkanjū: Ni!
Silver Link,My Next Life as a Villainess: All Routes Lead to Doom! X
Tomason,Kemono Friends 2
Atelier Pontdarc,Uncle From Another World
Studio Deen,Let's dance with Papa
Bandai Namco Pictures,Aikatsu on Parade!
Arvo Animation,Tsuki to Laika to Nosferatu
J. C. Staff,"The Demon Girl Next Door, season 1"
J. C. Staff,"The Demon Girl Next Door, season 2"
Encourage Films,Is the Order a Rabbit? Bloom
Platinum Vision,Dr. Ramune: Mysterious Disease Specialist
Yokohama Animation Laboratory,Lapis Re:Lights
Silver Link,Non Non Biyori Repeat
Yokohama Animation Laboratory,Miru Tights
Silver Link,"Baka to Test to Shōkanjū, season 1"
Studio Kai,Super Cub
J. C. Staff,"In Another World With My Smartphone, season 2"
Studio A-Cat,I've Somehow Gotten Stronger When I Improved My Farm-Related Skills
Project No.9,"Ro-Kyu-Bu!, season 1"
Sunrise Beyond,Kyōkai Senki
Silver Link,"My Next Life as a Villainess: All Routes Lead to Doom!, season 1"
Studio Kai,Fuuto PI
Okuruto Noboru,The Hidden Dungeon Only I Can Enter
Shaft,Hidamari Sketch × 365
Studio Bind,Mushoku Tensei
Bibury Animation Studios,Mahō Shōjo Magical Destroyers
Silver Link,Masamune-kun's Revenge R
Shaft,Hidamari Sketch × Hoshimittsu
Kinema Citrus,Is the Order a Rabbit??
Shaft,Hidamari Sketch
Madhouse,Galaxy Angel 4
Silver Link,"Bofuri, season 1"
Silver Link,"Bofuri, season 2"
Revoroot,My Isekai Life
Actas,Mermaid Melody Pichi Pichi Pitch
Yokohama Animation Laboratory,Legend of Mana: The Teardrop Crystal
Sanzigen,D Cide Traumerei
A.C.G.T,Dai-Shogun – Great Revolution
OLM,Fantasy Bishōjo Juniku Ojisan to
Bandai Namco Filmworks,Q114681531
Bandai Namco Filmworks,The Big O
Bandai Namco Filmworks,Wild Knights Gulkeeva
OLM,Dark Gathering
Bandai Namco Filmworks,Dirty Pair
Bandai Namco Filmworks,"Wave, Listen to Me!"
Bandai Namco Filmworks,Yashahime: Princess Half-Demon
OLM,Tomica Bond Combination Earth Granner
Bandai Namco Filmworks,Gundam Build Fighters Try
Bandai Namco Filmworks,Gundam Build Divers
Bandai Namco Filmworks,Horizon in the Middle of Nowhere
Bandai Namco Filmworks,Accel World
Bandai Namco Filmworks,Cyborg 009
Bandai Namco Filmworks,Reideen the Superior
OLM,The Most Heretical Last Boss Queen
Bandai Namco Filmworks,Gundam Build Fighters
Kyoto Animation,Sound! Euphonium
OLM,Gudetama: An Eggcellent Adventure
Kyoto Animation,"Love, Chunibyo & Other Delusions"
Kyoto Animation,K-On!
Kyoto Animation,La Mélancolie de Haruhi Suzumiya
Bandai Namco Filmworks,Mobile Suit Gundam-san
Bandai Namco Filmworks,Kagaku Bōkentai Tansar 5
Kyoto Animation,Myriad Colors Phantom World
Bandai Namco Filmworks,Cross Ange
Kyoto Animation,Miss Kobayashi's Dragon Maid
Bandai Namco Filmworks,Love Live! Sunshine!!
Kyoto Animation,Hyouka
Bandai Namco Filmworks,Love Live! Nijigasaki High School Idol Club
Kyoto Animation,Violet Evergarden
Bandai Namco Filmworks,Scarlet Nexus
Bandai Namco Filmworks,King's Raid: Successors of the Will
Bandai Namco Filmworks,Good Luck Girl!
Kyoto Animation,Nichijou
Kyoto Animation,Amagi Brilliant Park
A.C.G.T,Orient
OLM,Pokémon
Bandai Namco Filmworks,Love Live! Superstar!!
Bandai Namco Filmworks,Gundam Reconguista in G
Kyoto Animation,Free!
OLM,Berserk
A.C.G.T,Kino's Journey
OLM,Garugaku.: Sei Girls Square Gakuin
OLM,Megaton Musashi
Bandai Namco Filmworks,Mobile Suit Gundam Unicorn RE:0096
OLM,Kamisama Minarai: Himitsu no Cocotama
Bandai Namco Filmworks,Mobile Suit Gundam: The Origin – Advent of the Red Comet
OLM,Kasumin
OLM,Komi Can't Communicate
Bandai Namco Filmworks,Mobile Suit Gundam: The Witch from Mercury
Bandai Namco Filmworks,Synduality
OLM,Odd Taxi
OLM,Love All Play
OLM,Inazuma Eleven
OLM,Wedding Peach
OLM,Utawarerumono
OLM,PIKAIA!
A.C.G.T,Lime-iro Ryūkitan X
OLM,Ray the Animation
A.C.G.T,Minami Kamakura High School Girls Cycling Club
OLM,Ninjala
OLM,King's Raid: Successors of the Will
Studio Deen,"Hell Girl, season 1"
Studio Deen,Hell Girl: Three Vessels
OLM,Inazuma Eleven: Ares no Tenbin
Pierrot,Norakuro-kun
Tōei animation,Mo~tto! Ojamajo Doremi
Tōei animation,Ojamajo Doremi
Studio Deen,"KonoSuba, season 1"
Studio Deen,"KonoSuba, season 2"
CloverWorks,"Shadows House, season 1"
Bandai Namco Filmworks,Short Peace
White fox,Is the Order a Rabbit??
Bibury Animation Studios,"The Quintessential Quintuplets, season 2"
Kyoto Animation,"Miss Kobayashi's Dragon Maid, season 1"
White fox,"The Devil Is a Part-Timer!, season 1"
Bandai Namco Filmworks,Artiswitch
Tōei animation,Ojamajo Doremi Dokka~n!
EMT Squared,"Kuma Kuma Kuma Bear, season 1"
Studio Deen,"Is This a Zombie?, season 1"
Studio Deen,Hell Girl: Two Mirrors
Tōei animation,Ojamajo Doremi ♯
Platinum Vision,"Kono Oto Tomare! Sounds of Life, season 1"
Platinum Vision,"Kono Oto Tomare! Sounds of Life, season 2"
CygamesPictures,"Princess Connect! Re:Dive, season 1"
CygamesPictures,"Princess Connect! Re:Dive, season 2"
Bones,Sword of the Stranger
OLM,Pokemon
Studio Deen,Hell Girl: The Fourth Twilight
Studio Blanc,"Ro-Kyu-Bu!, season 1"
Production I.G,Ghost in the Shell: S.A.C. 2nd GIG
Yaoyorozu,Kemurikusa
OLM,"Restaurant to Another World, season 2"
Kyoto Animation,"Love, Chunibyo and Other Delusions! -Heart Throb-"
Kyoto Animation,K-ON!!
Production I.G,L'île de Giovanni
Studio Kai,"Uma Musume Pretty Derby, season 2"
Bandai Namco Filmworks,City Hunter '91
Bandai Namco Filmworks,City Hunter 2
Bandai Namco Filmworks,City Hunter 3
Bandai Namco Filmworks,"City Hunter, season 1"
OLM,"Age 12: A Little Heart-Pounding, season 2"
Studio Deen,"Gurazeni, season 2"
Kyoto Animation,Miss Kobayashi's Dragon Maid S
Bandai Namco Filmworks,Genjitsu no Yohane: Sunshine in the Mirror
OLM,"Age 12: A Little Heart-Pounding, season 1"
Studio Deen,Is This a Zombie? of the Dead
Kyoto Animation,"Sound! Euphonium, season 1"
Kyoto Animation,"Sound! Euphonium, season 2"
Kyoto Animation,"Sound! Euphonium, season 3"
White fox,Is the Order a Rabbit?
Studio Deen,"Gurazeni, season 1"
Anime International Company,"Date A Live, season 1"
Bones,Fullmetal Alchemist : L'Étoile sacrée de Milos
Ashi Productions,"In Another World With My Smartphone, season 1"
