Anime International Company,Pupipō!
Anime International Company,A.D. Police: To Protect and Serve
Anime International Company,Asobi ni iku yo!
Anime International Company,Amagami SS
Anime International Company,Ai Tenchi Muyo!
Ashi Productions,Rainbow Days
Ashi Productions,Jura Tripper
Ashi Productions,The Legend of Zorro
Ashi Productions,F-Zero: GP Legend
Studio Deen,F
Studio Deen,Is This a Zombie?
Studio Deen,Shōnen Onmyōji
Studio Deen,Tactics
Studio Deen,Eden's Bowy
Ashi Productions,Blue Seed
Ashi Productions,Josephina the Whale
Studio Deen,Chūbyou Gekihatsu Boy
Studio Deen,Samurai Deeper Kyo
Ashi Productions,Floral Magician Mary Bell
Ashi Productions,Time Travel Tondekeman
Anime International Company,SoltyRei
Anime International Company,Special A
Anime International Company,Nyan Koi!
Anime International Company,Jinrui wa Suitai Shimashita
Anime International Company,Sasameki Koto
Anime International Company,Oreimo
Studio Deen,Sasaki and Miyano
Studio Deen,Dragon Crisis!
Studio Deen,Gurazeni
Ashi Productions,Idol Angel Yokoso Yoko
Anime International Company,My Bride is a Mermaid
Anime International Company,Ga-Rei: Zero
Anime International Company,Burn-Up Scramble
Anime International Company,Place to Place
Anime International Company,Boku wa Tomodachi ga Sukunai
Anime International Company,Magical Canan
Anime International Company,Pumpkin Scissors
Anime International Company,Goshūshō-sama Ninomiya-kun
Anime International Company,Gun Sword
Anime International Company,Viper's Creed
Anime International Company,Nekogami Yaoyorozu
Anime International Company,Heaven's Lost Property: Forte
Anime International Company,Ashita no Nadja
Anime International Company,Kotoura-san
Ashi Productions,Cybuster
Ashi Productions,Machine Robo: Revenge of Cronos
Anime International Company,Petite Princess Yucie
Anime International Company,GA Geijutsuka Art Design Class
Anime International Company,Love Elections & Chocolate
Anime International Company,Strike Witches 2
Anime International Company,Mayoi Neko Overrun!
Anime International Company,Wandering Son
Anime International Company,Heaven's Lost Property
Anime International Company,Shukufuku no Campanella
Anime International Company,Great Dangaioh
Studio Deen,Yami to Bōshi to Hon no Tabibito
Anime International Company,Magical Project S
Anime International Company,Bubblegum Crisis Tokyo 2040
Anime International Company,Record of Lodoss War: Chronicles of the Heroic Knight
Anime International Company,Day Break Illusion
Silver Link,Death March to the Parallel World Rhapsody
Silver Link,Bofuri
Silver Link,Mitsuboshi Colors
Silver Link,Kokoro Connect
Silver Link,Strike the Blood
Silver Link,Oniichan dakedo Ai sae Areba Kankeinai yo ne!
Silver Link,Our Last Crusade or the Rise of a New World
Silver Link,Tayutama: Kiss on my Deity
Silver Link,Magic of Stella
Silver Link,C³
Silver Link,My Next Life as a Villainess: All Routes Lead to Doom!
Silver Link,No Matter How I Look at It It's You Guys' Fault I'm Not Popular!
Silver Link,Tearmoon Empire
Feel,Spy Classroom
Silver Link,Chaos;Child
Silver Link,Kenja no Mago
Silver Link,Circlet Princess
Silver Link,Dusk Maiden of Amnesia
Silver Link,The World's Finest Assassin Gets Reincarnated in a Different World as an Aristocrat
Silver Link,Anne Happy
Silver Link,Fate/kaleid liner Prisma Illya
Silver Link,The Misfit of Demon King Academy
Silver Link,The Dungeon of Black Company
Silver Link,The Great Jahy Will Not Be Defeated!
Silver Link,Ao-chan Can't Study!
Silver Link,Chitose Get You!!
Silver Link,Ragna Crimson
Silver Link,The Greatest Demon Lord Is Reborn as a Typical Nobody
Silver Link,Non Non Biyori
Studio Deen,Bomberman Jetters
Studio Deen,Dazzle
Studio Deen,Meshimase Lodoss-tō Senki: Sorette Oishii no?
Silver Link,Deep Insanity: The Lost Child
Studio Deen,Hell Girl
Studio Deen,Initial D
Studio Deen,Higurashi no Naku Koro ni Kai
Studio Deen,Maison Ikkoku
Studio Deen,DNA²
Studio Deen,Higurashi no Naku Koro ni
Studio Deen,Rozen Maiden
Silver Link,When Will Ayumu Make His Move?
Studio Deen,Rurouni Kenshin
Studio Deen,Hozuki's Coolheadedness
Studio Deen,Fruits Basket
Studio Deen,07-Ghost
Studio Deen,Seitokai no Ichizon
Studio Deen,Junjo Romantica: Pure Romance
Studio Deen,Sekai-ichi Hatsukoi
Studio Deen,Simoun
Silver Link,Level 1 Demon Lord and One Room Hero
Silver Link,The Maid I Hired Recently Is Mysterious
Studio Deen,Fate/stay night
Studio Deen,Ongaku Shōjo
Studio Deen,Ah My Buddha
Studio Deen,The Law of Ueki
Studio Deen,Rave Master
Studio Deen,Sakura Trick
Studio Deen,Kokoro Library
Studio Deen,R.O.D the TV
Studio Deen,AM Driver
Studio Deen,Amatsuki
Feel,The Yakuza's Guide to Babysitting
Studio Deen,Binchō-tan
Studio Deen,Shining Tears X Wind
Studio Deen,Code-E
Studio Deen,Sankarea
Studio Deen,Xuan Yuan Sword Luminary
Silver Link,Baka to Test to Shōkanjū
A-1 Pictures,Lycoris Recoil
Studio 4°C,Tweeny Witches
A-1 Pictures,Engage Kiss
A-1 Pictures,NieR:Automata Ver1.1a
Ufotable,Coyote Ragtime Show
A-1 Pictures,86
A-1 Pictures,Black Butler
A-1 Pictures,Erased
A-1 Pictures,Wotakoi: Love is Hard for Otaku
A-1 Pictures,Your Lie in April
Zexcs,Rental Magica
A-1 Pictures,Hypnosis Mic: Division Rap Battle: Rhyme Anima
Zexcs,Bakuten!!
Zexcs,Our Home's Fox Deity
Zexcs,Chrome Shelled Regios
A-1 Pictures,Persona: Trinity Soul
A-1 Pictures,Night Raid 1931
Zexcs,Say I Love You
A-1 Pictures,Nanana's Buried Treasure
Feel,Otome wa Boku ni Koishiteru
A-1 Pictures,Fate/Apocrypha
Feel,Hinamatsuri
Feel,Ochikobore Fruit Tart
A-1 Pictures,Fractale
A-1 Pictures,Oreshura
A-1 Pictures,Ace Attorney
A-1 Pictures,Working!!
A-1 Pictures,World Conquest Zvezda Plot
Feel,Shinka no Mi: Shiranai Uchi ni Kachigumi Jinsei
Feel,Papa no Iu Koto o Kikinasai!
Feel,Mayo Chiki!
Feel,Kanamemo
A-1 Pictures,Blend S
A-1 Pictures,Kaguya-sama: Love is War
Zexcs,Cuticle Detective Inaba
A-1 Pictures,Warlords of Sigrdrifa
Zexcs,Umi Monogatari
Zexcs,Omamori Himari
Feel,Jinki: Extend
Feel,Jinsei
Zexcs,Magician's Academy
Feel,Futakoi Alternative
Feel,This Art Club Has a Problem!
A-1 Pictures,Solo Leveling
Zexcs,Shadowverse
A-1 Pictures,Eromanga Sensei
Feel,Da Capo II
Ufotable,Katsugeki! Touken Ranbu
Zexcs,Densetsu no Yūsha no Densetsu
A-1 Pictures,Galilei Donna
Ufotable,Futakoi Alternative
A-1 Pictures,Interviews with Monster Girls
Feel,Remake Our Life!
A-1 Pictures,Granblue Fantasy The Animation
Ufotable,Demon Slayer: Kimetsu no Yaiba
Feel,In Search of the Lost Future
A-1 Pictures,Visual Prison
Liden Films,Rurouni Kenshin
Liden Films,Sekkō Boys
Production IMS,Active Raid
Liden Films,Otherside Picnic
Liden Films,Mayonaka no Occult Kōmuin
Kokusai Eiga-sha,Little Pollon
Liden Films,Hortensia Saga
Liden Films,Hanebado!
Liden Films,Aiura
Production IMS,Inari Konkon Koi Iroha
Wit Studio,Kizuna no Allele
Liden Films,Farewell My Dear Cramer
Liden Films,The Legendary Hero is Dead!
Liden Films,Magical Girl Spec-Ops Asuka
Kokusai Eiga-sha,Dotakon
Liden Films,My Master Has No Tail
C-Station,Laid-Back Camp
Kokusai Eiga-sha,Honey Honey no Suteki na Bouken
Lerche,Given
Lerche,Hakumei and Mikochi
Production IMS,High School Fleet
Liden Films,After School Dice Club
Lerche,Astra Lost in Space
Lerche,Mini Hama: Minimum Hamatora
Lerche,Unbreakable Machine-Doll
Lerche,Classroom of the Elite
Liden Films,Call of the Night
Liden Films,Kotarō wa Hitorigurashi
Liden Films,Kaginado
Liden Films,Killing Bites
Lerche,Radiant
Lerche,Konohana Kitan
Liden Films,Woodpecker Detective's Office
Lerche,Undefeated Bahamut Chronicle
Lerche,Danganronpa: The Animation
Lerche,School-Live!
Lerche,Maji de Watashi ni Koi Shinasai!
Lerche,Magical Girl Raising Project
Lerche,Seven Senses of the Re'Union
Liden Films,Build Divide: #00000 (Code Black)
Lerche,Idoly Pride
Lerche,Asobi Asobase
Lerche,Monster Musume
Wit Studio,Vinland Saga
Wit Studio,After the Rain
Liden Films,Tribe Nine
Liden Films,Ryman's Club
Wit Studio,The Ancient Magus' Bride
Lerche,Assassination Classroom
Wit Studio,Seraph of the End
Lerche,Re:_Hamatora
Wit Studio,Vivy: Fluorite Eye’s Song
Wit Studio,Garugaku.: Sei Girls Square Gakuin
Wit Studio,Attack on Titan
Liden Films,Gods' Games We Play
Wit Studio,Hozuki's Coolheadedness
Liden Films,Eternal Boys
Liden Films,Bastard!! -Heavy Metal Dark Fantasy-
Liden Films,Insomniacs After School
Lerche,Rampo Kitan: Game of Laplace
Liden Films,Reiwa no Di Gi Charat
Wit Studio,Great Pretender
Wit Studio,Ōsama Ranking
Lerche,Scum's Wish
Lerche,Gyakuten Sekai no Denchi Shōjo
Wit Studio,Spy × Family
Lerche,Kino's Journey: The Beautiful World - The Animated Series
C-Station,Opus Colors
Production IMS,Hundred
Kokusai Eiga-sha,Little Women
Production IMS,Castle Town Dandelion
Production IMS,The Testament of Sister New Devil
Production IMS,Takunomi.
Wit Studio,The Rolling Girls
Production IMS,Ore Twintail ni Narimasu.
Lerche,World Dai Star
Liden Films,Tokyo Revengers
Wit Studio,Kabaneri of the Iron Fortress
Liden Films,Suppose a Kid From the Last Dungeon Boonies Moved to a Starter Town
P.A. Works,Iroduku: The World in Colors
Diomedéa,Isekai Yakkyoku
SynergySP,MÄR
Artland,Kenkō Zenrakei Suieibu Umishō
Artland,Mushishi
Doga Kobo,Luck & Logic
TNK,Wandaba Style
TNK,Kannazuki no Miko
TNK,Magical Meow Meow Taruto
Ajia-do Animation Works,Kujibiki Unbalance
Ajia-do Animation Works,Absolute Boy
Ajia-do Animation Works,Kakushigoto
Doga Kobo,Wataten!: An Angel Flew Down to Me
P.A. Works,Sirius the Jaeger
Diomedéa,Action Heroine Cheer Fruits
P.A. Works,Skip and Loafer
TNK,Kaifuku Jutsushi no Yarinaoshi
Doga Kobo,Touken Ranbu: Hanamaru
Tezuka Productions,Kanojo mo Kanojo
Gallop,Genji Tsūshin Agedama
Brain's Base,Daigunder
Brain's Base,Isshūkan Friends
Ajia-do Animation Works,Ascendance of a Bookworm
Artland,Reborn!
Imagin,Spice and Wolf
TNK,Akaneiro ni Somaru Saka
Doga Kobo,Plastic Memories
Ajia-do Animation Works,Kemono Jihen
Diomedéa,Futsal Boys!!!!!
P.A. Works,Appare-Ranman!
Seven Arcs,Arte
Tezuka Productions,Endo and Kobayashi Live! The Latest on Tsundere Villainess Lieselotte
Diomedéa,The Magical Revolution of the Reincarnated Princess and the Genius Young Lady
Artland,Komori-san Can't Decline
Tezuka Productions,The Café Terrace and Its Goddesses
P.A. Works,Ya Boy Kongming!
David Production,Cells at Work!
TNK,Shattered Angels
David Production,Fire Force
P.A. Works,Akiba Maid War
Arms Corporation,Isuca
P.A. Works,Buddy Daddies
Seven Arcs,Fly Me to the Moon
Artland,Senran Kagura: Ninja Flash!
Studio Hibari,Meshimase Lodoss-tō Senki: Sorette Oishii no?
David Production,Hyperdimension Neptunia: The Animation
Arms Corporation,Hyakka Ryōran
TNK,Immoral Guild
Studio Hibari,Clean Freak! Aoyama kun
Gallop,The Three Musketeers
Gallop,Yu-Gi-Oh! Arc-V
Brain's Base,In/Spectre
SynergySP,Hayate the Combat Butler
Brain's Base,Blood Lad
Diomedéa,Gingitsune
Doga Kobo,Koihime Musō
Doga Kobo,Monthly Girls' Nozaki-kun
Doga Kobo,YuruYuri♪♪
Doga Kobo,How Heavy Are the Dumbbells You Lift?
Tezuka Productions,Dororo
Gallop,Eyeshield 21
Gallop,Rurouni Kenshin
Brain's Base,Kamichu!
Diomedéa,Problem Children Are Coming from Another World Aren't They?
Ordet,Wake Up Girls!
Doga Kobo,Myself ; Yourself
Doga Kobo,Sewayaki Kitsune no Senko-san
Tezuka Productions,Adachi to Shimamura
Gallop,Kiteretsu Daihyakka
P.A. Works,Fairy Gone
Diomedéa,Astarotte no Omocha!
Diomedéa,Kantai Collection
P.A. Works,The Aquatope on White Sand
Doga Kobo,Mangirl!
Diomedéa,The Saint's Magic Power is Omnipotent
Doga Kobo,YuruYuri
Doga Kobo,Laughing Under the Clouds
Tezuka Productions,My Home Hero
Gallop,Animal Yokochō
Doga Kobo,Asteroid in Love
Diomedéa,Ahiru no Sora
Diomedéa,Squid Girl
Doga Kobo,Majestic Prince
P.A. Works,The Day I Became a God
Arms Corporation,Gokukoku no Brynhildr
Doga Kobo,Tada Never Falls in Love
Gallop,Me & Roboco
Doga Kobo,Anima Yell!
Gallop,Ojarumaru
Diomedéa,Campione!
Diomedéa,Noucome
Diomedéa,Jūō Mujin no Fafnir
Diomedéa,Nogizaka Haruka no Himitsu
Ajia-do Animation Works,How Not to Summon a Demon Lord
Doga Kobo,11eyes: Tsumi to Batsu to Aganai no Shōjo
Doga Kobo,Yakushiji Ryōko no Kaiki Jikenbo
Doga Kobo,Three Leaves Three Colors
Doga Kobo,Engaged to the Unidentified
Doga Kobo,Mikagura School Suite
Ajia-do Animation Works,Revenger
J.C.Staff,PaRappa the Rapper
Studio A-Cat,Battle in 5 Seconds After Meeting
J.C.Staff,Children of the Whales
Okuruto Noboru,Tomodachi Game
J.C.Staff,Skate-Leading Stars
Studio A-Cat,Kenja no Deshi o Nanoru Kenja
J.C.Staff,A Certain Magical Index
TMS Entertainment,Virtua Fighter
TMS Entertainment,Mischievous Twins: The Tales of St. Clare's
Sublimation Inc.,Shikizakura
TMS Entertainment,Burning Kabaddi
TMS Entertainment,Hachigatsu no Cinderella Nine
J.C.Staff,Urara Meirocho
Q111986120,Migi to Dali
Felix Film,Saving 80000 Gold in Another World for My Retirement
J.C.Staff,Toradora!
TMS Entertainment,Seirei Gensōki
J.C.Staff,Descendants of Darkness
TMS Entertainment,Itazura na Kiss
J.C.Staff,Back Street Girls
TMS Entertainment,Dr. Stone
J.C.Staff,Excel Saga
Lapin Track,I'm Kodama Kawashiri
J.C.Staff,R.O.D the TV
Satelight,Glass Fleet
TMS Entertainment,Roppo Yabure-kun
Satelight,Galaxy Angel Rune
J.C.Staff,The Demon Girl Next Door
Satelight,Girly Air Force
TMS Entertainment,Megalobox
J.C.Staff,La storia della Arcana Famiglia
Satelight,Somali and the Forest Spirit
Satelight,Guin Saga
Revoroot,I've Been Killing Slimes for 300 Years and Maxed Out My Level
Satelight,Caligula
J.C.Staff,Dai-Shogun – Great Revolution
Satelight,White Album 2
Studio Palette,The World's Finest Assassin Gets Reincarnated in a Different World as an Aristocrat
Yokohama Animation Laboratory,Magatsu Wahrheit: Zuerst
J.C.Staff,Last Period
Satelight,Hakata Tonkotsu Ramens
J.C.Staff,Mewkledreamy
J.C.Staff,Shigofumi: Letters from the Departed
TMS Entertainment,Lupin the Third: The Woman Called Fujiko Mine
J.C.Staff,Alice SOS
TMS Entertainment,Super Dimension Century Orguss
TMS Entertainment,Bug tte Honey
Arvo Animation,Monster Girl Doctor
Studio Kai,Skeleton Knight in Another World
Studio A-Cat,Tamayomi
Platinum Vision,Love of Kill
Studio Kai,Cagaster of an Insect Cage
Satelight,Engage Planet Kiss Dum
TMS Entertainment,Detective Conan: The Culprit Hanzawa
Atelier Pontdarc,Uncle From Another World
Arvo Animation,Tsuki to Laika to Nosferatu
Satelight,Basquash!
Platinum Vision,Dr. Ramune: Mysterious Disease Specialist
Yokohama Animation Laboratory,Lapis Re:Lights
Yokohama Animation Laboratory,Miru Tights
TMS Entertainment,Lady Georgie
Studio Kai,Super Cub
TMS Entertainment,Kaze no Shōjo Emily
Studio A-Cat,I've Somehow Gotten Stronger When I Improved My Farm-Related Skills
Sunrise Beyond,Kyōkai Senki
Felix Film,Aharen-san wa Hakarenai
Studio Kai,Fuuto PI
Felix Film,Otherside Picnic
Studio Bind,Mushoku Tensei
Hornets,Skeleton Knight in Another World
Bibury Animation Studios,Mahō Shōjo Magical Destroyers
Satelight,Aquarion Evol
Satelight,Aquarion Logos
Revoroot,My Isekai Life
Yokohama Animation Laboratory,Legend of Mana: The Teardrop Crystal
Studio Mother,More Than a Married Couple But Not Lovers
Okuruto Noboru,The Hidden Dungeon Only I Can Enter
Studio Flad,4-Nin wa Sorezore Uso o Tsuku
J.C.Staff,Little Busters!
J.C.Staff,Shakugan no Shana
TMS Entertainment,Lupin III
TMS Entertainment,Zenryoku Rabbits
TMS Entertainment,Trickster
TMS Entertainment,Sweetness and Lightning
J.C.Staff,Mahoraba 〜Heartful days
TMS Entertainment,Attack No. 1
TMS Entertainment,Rent-A-Girlfriend
J.C.Staff,Shingetsutan Tsukihime
TMS Entertainment,Hero Bank
J.C.Staff,Revolutionary Girl Utena
Studio Kai,Shine Post
J.C.Staff,Metal Fighter Miku
TMS Entertainment,Lupin III Part III
J.C.Staff,Prison School
J.C.Staff,The "Hentai" Prince and the Stony Cat
Studio Bind,Onimai: I'm Now Your Sister!
TMS Entertainment,Fruits Basket
J.C.Staff,A Certain Scientific Railgun
J.C.Staff,Best Student Council
J.C.Staff,Daphne in the Brilliant Blue
Triangle Staff,Serial Experiments Lain
Doga Kobo,Kawaii dake ja Nai Shikimori-san
Triangle Staff,Shinkai Densetsu Meremanoid
Doga Kobo,Devils and Realist
Doga Kobo,Himouto! Umaru-chan
Doga Kobo,Uchi no Maid ga Uzasugiru!
DLE,Haiyoru! Nyaruani: Remember My Love(craft-sensei)
Hal Film Maker,Prétear
Doga Kobo,Diary of Our Days at the Breakwater
Doga Kobo,Love Lab
Hal Film Maker,Aria the Natural
GoHands,W'z
Radix,Silent Möbius
Triangle Staff,St. Luminous Mission High School
Radix,Misaki Chronicles
Hal Film Maker,Aria the Origination
Radix,BakéGyamon
Radix,Haibane Renmei
Doga Kobo,Saint Cecilia and Pastor Lawrence
Doga Kobo,Technoroid Overmind
Studio Gokumi,Tsuredure Children
Asahi Production,Peach Boy Riverside
Asahi Production,A Galaxy Next Door
Artmic,Genesis Climber MOSPEADA
Asahi Production,Merman in My Tub
Radix,Lemon Angel Project
Tsuchida Production,Manga Kotowaza Jiten
DLE,Neko Jockey
Studio Gokumi,Endro!
DLE,Doramachikku Nōnai
Tsuchida Production,Manga Nihonshi
GoHands,Coppelion
GoHands,Project Scard: Scar on the Praeter
Doga Kobo,Gabriel DropOut
Doga Kobo,Sleepy Princess in the Demon Castle
Doga Kobo,Hoshizora e Kakaru Hashi
Doga Kobo,Aria the Scarlet Ammo AA
Doga Kobo,RPG Fudōsan
Doga Kobo,Ikebukuro West Gate Park
Hal Film Maker,Aria the Animation
Hal Film Maker,Uta Kata
Hal Film Maker,Kemeko Deluxe!
Radix,Love Get Chu: Miracle Seiyū Hakusho
Hal Film Maker,Princess Tutu
Doga Kobo,Osananajimi ga Zettai ni Makenai Love Comedy
Doga Kobo,Senpai ga Uzai Kōhai no Hanashi
Digital Frontier,Viper's Creed
Asahi Production,Dolls' Frontline
Polygon Pictures,Estab-Life: Great Escape
Doga Kobo,GJ Club
Polygon Pictures,Kaina of the Great Snow Sea
Doga Kobo,New Game!
Doga Kobo,Oshi no Ko
Doga Kobo,Selection Project
Doga Kobo,Natsuyuki Rendezvous
Asahi Production,Giant Beasts of Ars
Nexus,Comic Girls
Toei Animation,Dragon Ball
Toei Animation,King Arthur
Toei Animation,Little Women
Toei Animation,Dokidoki! PreCure
Toei Animation,Marmalade Boy
Toei Animation,Digimon Adventure 02
Toei Animation,Fresh Pretty Cure!
Toei Animation,Dr. Slump
Toei Animation,Captain Tsubasa
Toei Animation,One Piece
Toei Animation,Mononoke
Toei Animation,Kanon
Toei Animation,Sailor Moon
Madhouse,Shigurui
Toei Animation,HeartCatch PreCure!
Toei Animation,Yes! PreCure 5
Toei Animation,Dragon Ball Z Kai
Madhouse,Jubei-chan 2: The Counterattack of Siberia Yagyu
Project No.9,Pastel Memories
Toei Animation,Ikkyū-san
Toei Animation,Neighborhood Story
Toei Animation,Xenosaga: The Animation
Madhouse,Bibliophile Princess
C2C,Hitori Bocchi no Marumaru Seikatsu
Madhouse,Top Secret: The Revelation
Millepensee,Cop Craft
Toei Animation,Futari wa Pretty Cure
Toei Animation,Hello! Sandybell
Toei Animation,Great Mazinger
Toei Animation,Space Warrior Baldios
Toei Animation,Yes! Pretty Cure 5 Go Go!
Toei Animation,Armored Fleet Dairugger XV
Toei Animation,Galaxy Cyclone Braiger
Toei Animation,Balatack
NAZ,Hamatora: The Animation
Toei Animation,Dragon Ball Z
Toei Animation,Digimon Data Squad
Toei Animation,Mahō no Mako-chan
Nexus,Granbelm
APPP,Kurogane Communication
Troyca,Re:Creators
Toei Animation,Digimon Adventure
Toei Animation,Digimon Frontier
Toei Animation,Wakusei Robo Danguard Ace
C2C,Oneechan ga Kita
C2C,Harukana Receive
Toei Animation,Arrow Emblem: Hawk of the Grand Prix
Toei Animation,Digimon Tamers
Toei Animation,Futari wa Pretty Cure Splash Star
Toei Animation,Mahōtsukai Chappy
Toei Animation,Wolf Boy Ken
Toei Animation,Suite PreCure
Toei Animation,Smile PreCure!
3Hz,Celestial Method
Madhouse,Blade
Madhouse,Sonny Boy
Madhouse,Monster
Madhouse,Nana
Madhouse,Needless
Madhouse,Kamen no Maid Guy
Madhouse,X-Men
Passione,Haitai Nanafa
Madhouse,The Vampire Dies in No Time
Madhouse,A Place Further Than The Universe
Madhouse,Ace of Diamond Act II
Madhouse,Kobato
Madhouse,Alderamin on the Sky
Madhouse,Takt op.Destiny
Madhouse,DNA²
Madhouse,Rideback
Madhouse,Chaos;Head
Madhouse,Animation Kikou: Marco Polo no Bōken
Madhouse,No Game No Life
Madhouse,Hanayamata
Madhouse,ACCA: 13-Territory Inspection Dept.
3Hz,Flip Flappers
Madhouse,Ace of Diamond
Bandai Namco Pictures,Brave Beats
Madhouse,Strawberry Panic!
Madhouse,Kami-sama no Inai Nichiyōbi
Madhouse,Trigun
Madhouse,Kurozuka
Madhouse,Photo Kano
Madhouse,Akagi
Madhouse,Chobits
Madhouse,Strawberry 100%
Madhouse,Cardcaptor Sakura
Madhouse,Btooom!
Madhouse,Kemonozume
Lay-duce,Classroom Crisis
Madhouse,The Irregular at Magic High School
Madhouse,Oda Nobuna no Yabō
Madhouse,Chance Pop Session
Troyca,Lord El-Melloi II's Case Files: Rail Zeppelin Grace Note
Lay-duce,Release the Spyce
Madhouse,Magical Warfare
Madhouse,Majin Tantei Nōgami Neuro
Troyca,Bloom Into You
Bandai Namco Pictures,Battle Spirits: Burning Soul
Shirogumi,Sushi Sumo
Hoods Entertainment,Gekidol
Studio Gokumi,Ms. Koizumi Loves Ramen Noodles
Bridge,Yu-Gi-Oh! Sevens
Studio Gokumi,Saki: The Nationals
MAPPA,Kakegurui
MAPPA,Granblue Fantasy The Animation Season 2
Yumeta Company,Miracle Train: Ōedo-sen e Yōkoso
Studio Gokumi,Maesetsu!
Bridge,Yu-Gi-Oh! Go Rush!!
Studio Gokumi,World's End Harem
Studio Gokumi,A Channel
Studio Gokumi,The Severing Crime Edge
Studio Gokumi,Kono Naka ni Hitori Imōto ga Iru!
MAPPA,Yuri on Ice
MAPPA,Zombie Land Saga
MAPPA,Chainsaw Man
Kinema Citrus,Code:Breaker
Trigger,Kill la Kill
Yumeta Company,Akkun to Kanojo
Trigger,Space Patrol Luluco
Trigger,Darling in the Franxx
Kinema Citrus,Black Bullet
Kinema Citrus,Tokyo Magnitude 8.0
Trigger,SSSS.Dynazenon
Studio Gokumi,Oda Nobuna no Yabō
Yumeta Company,CUE!
Hoods Entertainment,Manyū Hiken-chō
Yumeta Company,Muv-Luv Alternative
Hoods Entertainment,BlazBlue Alter Memory
Kinema Citrus,The Rising of the Shield Hero
Studio Gokumi,Lance N' Masques
Kinema Citrus,Made in Abyss
Studio Gokumi,Ms. Vampire Who Lives in My Neighborhood
Studio Gokumi,Kin-iro Mosaic
Asread,Ga-Rei: Zero
Studio Matrix,Green Green
Asread,Shuffle!
Asread,Megami-ryō no Ryōbo-kun
Knack Productions,Manga Sarutobi Sasuke
Studio Gokumi,Phantom of the Idol
Knack Productions,Psycho Armor Govarian
Asread,Arifureta: From Commonplace to World's Strongest
Kinema Citrus,Revue Starlight
Bridge,Shaman King
Studio Gokumi,Yumemiru Danshi wa Genjitsushugisha
Bridge,Talentless Nana
Yumeta Company,Tamayura: Hitotose
Yumeta Company,Tamayura: More Aggressive
Yumeta Company,Tokyo Mew Mew New
Kinema Citrus,Kuma Miko: Girl Meets Bear
MAPPA,Days
Knack Productions,Astroganger
Knack Productions,Robby the Rascal
Bridge,Nobunagun
MAPPA,Jujutsu Kaisen
MAPPA,Dororo
MAPPA,Attack on Titan
Knack Productions,Family!
MAPPA,Listeners
Trigger,Kiznaiver
MAPPA,Inuyashiki
Trigger,SSSS.Gridman
Kinema Citrus,Made in Abyss: The Golden City of the Scorching Sun
MAPPA,Taiso Samurai
Trigger,BNA: Brand New Animal
Shirogumi,Night Head 2041
Shirogumi,Revisions
Trigger,Little Witch Academia
MAPPA,To the Abandoned Sacred Beasts
MAPPA,Heion Sedai no Idaten-tachi
MAPPA,Re-Main
Trigger,When Supernatural Battles Became Commonplace
Hoods Entertainment,Kanojo ga Flag o Oraretara
MAPPA,Campfire Cooking in Another World with My Absurd Skill
Seven,Ai-Mai-Mi
Eight Bit,If My Favorite Pop Idol Made It to the Budokan I Would Die
Actas,Long Riders!
Orange,Godzilla Singular Point
Vega Entertainment,Battle in 5 Seconds After Meeting
Sanzigen,Sakura Wars the Animation
Sanzigen,D4DJ First Mix
Trans Arts,Erin
Eight Bit,How to Keep a Mummy
Vega Entertainment,Babel II: Beyond Infinity
Sanzigen,D4DJ All Mix
Eight Bit,Walkure Romanze
Orange,Trigun Stampede
Eight Bit,Aquarion Evol
Eight Bit,The Irregular at Magic High School: Visitor Arc
Tomason,Kemono Friends 2
Seven,Nobunaga Sensei no Osanazuma
Orange,Dimension W
Actas,Mermaid Melody Pichi Pichi Pitch
Actas,Tactical Roar
Sanzigen,D Cide Traumerei
Sanzigen,Heavy Object
Actas,Regalia: The Three Sacred Stars
Seven,Ai-Mai-Mi: Mousou Catastrophe
MAPPA,Kakegurui Twin
MAPPA,Takt op.Destiny
Actas,Girls und Panzer
Orange,Majestic Prince
Orange,Active Raid
Seven,Recorder and Randsell
Trans Arts,Kappamaki
Eight Bit,Shy
Eight Bit,Absolute Duo
Eight Bit,Shōnen Maid
Actas,Eiyū Kyōshitsu
Eight Bit,Comet Lucifer
MAPPA,Banana Fish
Eight Bit,Knight's & Magic
Chaos Project,Shrine of the Morning Mist
Seven,Joshi Kausei
Orange,Beastars
Seven,Ai-Mai-Mi: Surgical Friends
Eight Bit,Stars Align
Eight Bit,The Slime Diaries: That Time I Got Reincarnated as a Slime
Eight Bit,Blue Lock
Orange,Land of the Lustrous
Eight Bit,Infinite Stratos
Eight Bit,Busou Shinki
Eight Bit,The Fruit of Grisaia
Eight Bit,Encouragement of Climb
MAPPA,Dance Dance Danseur
Eight Bit,Tokyo Ravens
Eight Bit,Rewrite
Studio Deen,Hell Girl season 1
Studio Deen,Hell Girl: Three Vessels
SynergySP,Kakkō no Iinazuke
Diomedéa,Nogizaka Haruka no Himitsu season 1
Feel,My Teen Romantic Comedy SNAFU Climax
SynergySP,Mermaid Melody Pichi Pichi Pitch Pure
Arms Corporation,Hyakka Ryōran season 1
Arms Corporation,Hyakka Ryōran: Samurai Bride
J.C.Staff,Slayers Revolution
Madhouse,Super Doll Licca-chan
Pierrot,Bismark
Pierrot,Kingdom
Madhouse,Marvel Anime
Pierrot,Baby Steps
Pierrot,Bleach
Pierrot,Magical Hat
Pierrot,Naruto: Shippūden
Pierrot,Tokyo Ghoul √A
Silver Link,Masamune-kun's Revenge
Studio Deen,KonoSuba season 1
Studio Deen,KonoSuba season 2
Pierrot,Beelzebub
Pierrot,Gunjō no Magmell
Nomad,Kyōran Kazoku Nikki
Pierrot,Tokyo Ghoul
Pierrot,Hanasakeru Seishōnen
Pierrot,Power Stone
Silver Link,Non Non Biyori Nonstop
Pierrot,The Mysterious Cities of Gold
Pierrot,Blue Dragon
Brain's Base,Baccano!
Studio Hibari,Yumeiro Patissiere SP Professional
Studio Hibari,Yumeiro Patissiere season 1
Pierrot,Urusei Yatsura
Studio Hibari,High Card
Pierrot,Tokyo Mew Mew
Diomedéa,Squid Girl season 1
Diomedéa,Squid Girl season 2
C-Station,Laid-Back Camp season 1
TMS Entertainment,Megalobox 2: Nomad
Seven Arcs,Blue Period
Artmic,Crimson Wolf
Pierrot,Yona of the Dawn
Pierrot,Ore wa Chokkaku
David Production,Spriggan
Pierrot,Detective School Q
Pierrot,Chiisana Obake Acchi Kocchi Socchi
Pierrot,Divine Gate
Nomad,Alice Gear Aegis
Seven Arcs,Sekirei: Pure Engagement
Pierrot,ēlDLIVE
SynergySP,Kawaisugi Crisis
J.C.Staff,Slayers Evolution-R
David Production,Strike Witches: Road to Berlin
Silver Link,Non Non Biyori season 1
Silver Link,Restaurant to Another World season 1
David Production,Urusei Yatsura
Pierrot,Puzzle & Dragons
Manglobe,The Sacred Blacksmith
Manglobe,Samurai Champloo
C-Station,Laid-Back Camp season 2
Pierrot,Hikaru no Go
Pierrot,Fushigi Yûgi
Silver Link,Baka to Test to Shōkanjū: Ni!
Silver Link,My Next Life as a Villainess: All Routes Lead to Doom! X
Pierrot,Norakuro-kun
Studio Deen,Let's Dance with Papa
Seven Arcs,Sekirei
David Production,2.43: Seiin Kōkō Danshi Volley-bu
Seven Arcs,Saredo Tsumibito wa Ryū to Odoru
Silver Link,Non Non Biyori Repeat
Silver Link,Baka to Test to Shōkanjū season 1
Studio Deen,Is This a Zombie? season 1
Studio Deen,Hell Girl: Two Mirrors
Ashi Productions,The Tale of the Outcasts
Manglobe,Deadman Wonderland
Studio Hibari,Juden Chan
Silver Link,My Next Life as a Villainess: All Routes Lead to Doom! season 1
Pierrot,Ninja Senshi Tobikage
Madhouse,Jubei-chan: The Ninja Girl
Madhouse,Aquarian Age: Sign for Evolution
Madhouse,Kiba
Studio Deen,Hell Girl: The Fourth Twilight
Madhouse,Kaiba
Studio Hibari,Yoshinaga-san Chi no Gargoyle
Pierrot,Akudama Drive
Studio Hibari,Kashimashi: Girl Meets Girl
Studio Hibari,Yumeiro Patissiere
Madhouse,Casshern Sins
Madhouse,Magical Meow Meow Taruto
Brain's Base,Kure-nai
Tezuka Productions,Unico
Silver Link,Masamune-kun's Revenge R
SynergySP,Mermaid Melody Pichi Pichi Pitch
Silver Link,Bofuri season 1
Silver Link,Bofuri season 2
SynergySP,Beast Saga
Manglobe,Michiko & Hatchin
Studio Hibari,Happy Lesson
Pierrot,Play It Cool Guys
Pierrot,Bleach: Thousand-Year Blood War
Madhouse,Di Gi Charat Nyo!
Madhouse,Carried by the Wind: Tsukikage Ran
Brain's Base,D-Frag!
Brain's Base,Akikan!
Studio Deen,Gurazeni season 2
Diomedéa,Nogizaka Haruka no Himitsu: Purezza
Manglobe,Hayate the Combat Butler: Can't Take My Eyes Off You
SynergySP,Mermaid Melody Pichi Pichi Pitch season 1
Studio Hibari,Happy Lesson season 1
David Production,Inu x Boku SS
Tezuka Productions,The Quintessential Quintuplets season 1
Nomad,Sola
Ordet,Wake Up Girl ZOO!
Studio Deen,Is This a Zombie? of the Dead
Manglobe,Unlimited Psychic Squad
SynergySP,Zettai Karen Children
Manglobe,Ergo Proxy
Brain's Base,To Your Eternity
SynergySP,Taisho Otome Fairy Tale
SynergySP,Battle in 5 Seconds After Meeting
Studio Deen,Gurazeni season 1
Manglobe,Hayate the Combat Butler: Cuties
Brain's Base,My Teen Romantic Comedy SNAFU season 1
Anime International Company,Date A Live season 1
Seven Arcs,Extreme Hearts
Seven Arcs,Chained Soldier
Studio Hibari,Happy Lesson Advance
Feel,My Teen Romantic Comedy SNAFU season 2
Madhouse,Uninhabited Planet Survive!
TMS Entertainment,Megalobox season 1
Production IMS,Date a Live II
Nomad,Modern Magic Made Simple
Seven Arcs,Dog Days season 1
Seven Arcs,Dog Days'
A-1 Pictures,Ore no Imōto ga Konna ni Kawaii Wake ga Nai.
Brain's Base,Kamisama Dolls
David Production,Urusei Yatsura (2022 TV series)
Brain's Base,The Kawai Complex Guide to Manors and Hostel Behavior
Studio Hibari,Lime-iro Senkitan
P.A. Works,Uma Musume Pretty Derby season 1
Ashi Productions,In Another World With My Smartphone season 1
Nomad,Koi to Yobu ni wa Kimochi Warui
Nomad,Chocotto Sister
NAZ,Ore ga Suki nano wa Imōto dakedo Imōto ja nai
Toei Animation,HappinessCharge PreCure!
Project No.9,Momo Kyun Sword
Project No.9,Tenshi no 3P!
NAZ,Angolmois: Record of Mongol Invasion
Bandai Namco Pictures,Raven of the Inner Palace
Encourage Films,Deaimon
EMT Squared,Alice or Alice
Toei Animation,Hana Yori Dango
Toei Animation,Beet the Vandel Buster
Project No.9,Bottom-tier Character Tomozaki
Encourage Films,Isekai Cheat Magician
Project No.9,And You Thought There Is Never a Girl Online?
Project No.9,Ryūō no Oshigoto!
Nexus,The Eminence in Shadow
Toei Animation,Star☆Twinkle PreCure
Toei Animation,Beet the Vandel Buster: Excellion
Toei Animation,SAINT SEIYA: Knights of the Zodiac
Toei Animation,Tropical-Rouge! Pretty Cure
Toei Animation,King Arthur: Prince on White Horse
Toei Animation,Captain Future
Project No.9,Saikin Imōto no Yōsu ga Chotto Okaishiin Da Ga.
C2C,Tsukimichi: Moonlit Fantasy
Toei Animation,Hugtto! PreCure
Passione,Renai Flops
C2C,Wandering Witch: The Journey of Elaina
Lay-duce,Heroines Run the Show
C2C,PuraOre! Pride of Orange
Toei Animation,Go! Princess Precure
Toei Animation,Dragon Ball Super
Toei Animation,Kirakira PreCure a la Mode
Creators in Pack,Danchigai
C2C,Reincarnated as a Sword
C2C,Shangri-La Frontier
Toei Animation,Tanken Driland: Sennen no Mahō
Project No.9,Shōjotachi wa Kōya o Mezasu
Project No.9,Kenka Bancho Otome: Girl Beats Boys
EMT Squared,Kuma Miko: Girl Meets Bear
Drive,Teppen—!!!!!!!!!!!!!!!
Studio VOLN,Karakuri Circus
Toei Animation,Slam Dunk
Project No.9,The Angel Next Door Spoils Me Rotten
Toei Animation,Tanken Driland
Project No.9,Hige o Soru. Soshite Joshi Kōsei o Hirou.
Toei Animation,Maho Girls PreCure!
Drive,KonoSuba: An Explosion on This Wonderful World!
EMT Squared,I'm Quitting Heroing
NAZ,Lucifer and the Biscuit Hammer
Project No.9,Didn't I Say to Make My Abilities Average in the Next Life?!
Toei Animation,Shoot!
Toei Animation,Pyun Pyun Maru
Troyca,Shinobi no Ittoki
Production I.G,Guilty Crown
3Hz,Dimension W
Project No.9,High School Prodigies Have It Easy Even In Another World
Production I.G,PaRappa the Rapper
Toei Animation,Kamisama Kazoku
Toei Animation,Futari wa Pretty Cure Max Heart
NAZ,Id:Invaded
Millepensee,Wake Up Girls! New Chapter
Project No.9,Chronos Ruler
Toei Animation,Healin' Good Pretty Cure
Production I.G,PIKAIA!
Toei Animation,Gekisō! Ruben Kaiser
Bee Train,Noir
C2C,Shachō Battle no Jikan Desu!
Bee Train,Avenger
Toei Animation,Go-Q-Chōji Ikkiman
Lay-duce,Tomo-chan is a Girl!
Project No.9,Shachiku-san wa Yōjo Yūrei ni Iyasaretai.
Project No.9,My Stepmom's Daughter Is My Ex
Production I.G,Shining Hearts: Shiawase no Pan
Studio VOLN,Back Arrow
Passione,Hinako Note
Passione,The Demon Sword Master of Excalibur Academy
Bandai Namco Pictures,Welcome to Demon School! Iruma-kun
Encourage Films,Chillin' in My 30s After Getting Fired from the Demon King's Army
Production I.G,Le Chevalier D'Eon
Production I.G,Gargantia on the Verdurous Planet
3Hz,Rifle is Beautiful
Millepensee,I Got a Cheat Skill in Another World and Became Unrivaled in the Real World Too
Passione,Isekai Meikyū de Harem o
Passione,Mieruko-chan
Passione,Rokka no Yūsha
Shuka,The Case Files of Jeweler Richard
3Hz,Healer Girl
Passione,Interspecies Reviewers
C2C,Handyman Saitō in Another World
Bee Train,Madlax
Production I.G,Blood+
Production I.G,Eden of the East
White Fox,Arifureta: From Commonplace to World's Strongest
EMT Squared,The Master of Ragnarok & Blesser of Einherjar
EMT Squared,Assassin's Pride
EMT Squared,Kuma Kuma Kuma Bear
Passione,Higurashi: When They Cry – Gou
Lay-duce,Fanfare of Adolescence
EMT Squared,Drugstore in Another World: The Slow Life of a Cheat Pharmacist
Bandai Namco Pictures,Birdie Wing: Golf Girls' Story
Gonzo,Final Fantasy: Unlimited
P.A. Works,Angel Beats!
P.A. Works,True Tears
Tatsunoko Production,The Flying House
Tatsunoko Production,C
Tatsunoko Production,Generator Gawl
J.C.Staff,WIXOSS Diva(A)Live
J.C.Staff,Rune Soldier
J.C.Staff,Nabari no Ou
J.C.Staff,Witchcraft Works
Tatsunoko Production,Neon Genesis Evangelion
J.C.Staff,Joshiraku
J.C.Staff,Kare Kano
Shin-Ei Animation,Chimimo
J.C.Staff,Minami Kamakura High School Girls Cycling Club
J.C.Staff,Alice & Zoroku
Tatsunoko Production,Golden Warrior Gold Lightan
J.C.Staff,If I See You in My Dreams
J.C.Staff,Sword Oratoria: Is It Wrong to Try to Pick Up Girls in a Dungeon? On the Side
J.C.Staff,Azumanga Daioh
Tatsunoko Production,Gordian Warrior
J.C.Staff,Blue Reflection Ray
J.C.Staff,Heaven's Memo Pad
Satelight,Croisée in a Foreign Labyrinth
Satelight,Scared Rider Xechs
J.C.Staff,Combatants Will Be Dispatched!
J.C.Staff,Virus Buster Serge
J.C.Staff,The Duke of Death and His Maid
J.C.Staff,Maburaho
Satelight,Lord Marksman and Vanadis
J.C.Staff,Sacrificial Princess and the King of Beasts
J.C.Staff,The Strongest Sage With the Weakest Crest
J.C.Staff,Sugar Apple Fairy Tale
Tatsunoko Production,Akubi-chan
Tatsunoko Production,Hyppo and Thomas
Satelight,Sakugan
Shin-Ei Animation,Doraemon
Shin-Ei Animation,Tonari no Seki-kun
Shin-Ei Animation,Lupin III
Shin-Ei Animation,Trickster
Gonzo,Kaze no Stigma
Gonzo,SoltyRei
Gonzo,Special A
Gonzo,Hellsing
Gonzo,Linebarrels of Iron
Gonzo,Gravion
Tatsunoko Production,Genesis Climber MOSPEADA
Gonzo,Saki
Gonzo,Glass Fleet
Gonzo,Dog & Scissors
Tatsunoko Production,Robin Hood no Daibōken
Eiken,UFO Warrior Dai Apolon
Shin-Ei Animation,Teasing Master Takagi-san
Shin-Ei Animation,Pui Pui Molcar
Gonzo,My Bride is a Mermaid
Gonzo,Trinity Blood
Gonzo,Peacemaker Kurogane
Gonzo,Strike Witches
Gonzo,Burst Angel
Gonzo,Aokana: Four Rhythm Across the Blue
Shin-Ei Animation,Denkigai no Honya-san
Gonzo,Pumpkin Scissors
Gonzo,Rosario + Vampire
Shin-Ei Animation,Mashiro no Oto
Shin-Ei Animation,Idolls!
Shin-Ei Animation,Ultra B
Gonzo,Kakuriyo no Yadomeshi
Gonzo,Blassreiter
Gonzo,Blade & Soul
Shaft,Dotto! Koni-chan
Gonzo,Saikano
Gonzo,Welcome to the N.H.K.
Shaft,Sayonara Zetsubou-Sensei
Satelight,Black Summoner
P.A. Works,Hanasaku Iroha
Shin-Ei Animation,Kakkō no Iinazuke
Shin-Ei Animation,The Dangers in My Heart
P.A. Works,Nagi no Asukara
J.C.Staff,Dream Eater Merry
J.C.Staff,Maid Sama!
J.C.Staff,Golden Time
J.C.Staff,Loveless
J.C.Staff,Maze
J.C.Staff,Is It Wrong to Try to Pick Up Girls in a Dungeon?
J.C.Staff,Nodame Cantabile
P.A. Works,Tari Tari
J.C.Staff,Taboo Tattoo
J.C.Staff,How a Realist Hero Rebuilt the Kingdom
J.C.Staff,Sky Girls
J.C.Staff,Taishō Yakyū Musume.
J.C.Staff,Aria the Scarlet Ammo
J.C.Staff,Edens Zero
J.C.Staff,Hayate the Combat Butler!!
J.C.Staff,The Executioner and Her Way of Life
J.C.Staff,Nanaka 6/17
J.C.Staff,Melody of Oblivion
J.C.Staff,Heavy Object
J.C.Staff,Sweet Blue Flowers
J.C.Staff,Doki Doki School Hours
Toei Animation,Phantom Thief Jeanne
Bones,Godzilla Singular Point
Gainax,Wish Upon the Pleiades
Toei Animation,Dragon Quest: The Adventure of Dai
Bandai Namco Filmworks,Brigadoon: Marin & Melan
Bandai Namco Filmworks,Z.O.E. Doloresi
Bandai Namco Filmworks,Betterman
Toei Animation,Cyborg 009
Bandai Namco Filmworks,Fang of the Sun Dougram
Bandai Namco Filmworks,Gear Fighter Dendoh
Kyoto Animation,Air
Kyoto Animation,Clannad
Kyoto Animation,Kanon
Toei Animation,Aishite Knight
Bones,Angelic Layer: Mobile Angel
Bandai Namco Filmworks,Mobile Suit Zeta Gundam
Bandai Namco Filmworks,Outlaw Star
Bandai Namco Filmworks,The Ultraman
Bandai Namco Filmworks,Tales of the Abyss
Bandai Namco Filmworks,DT Eightron
Kyoto Animation,Munto
Toei Animation,Ghost Sweeper Mikami
Bandai Namco Filmworks,Brave Command Dagwon
Bandai Namco Filmworks,Gasaraki
Bandai Namco Filmworks,The Girl Who Leapt Through Space
Production I.G,Erin
Kyoto Animation,Clannad After Story
Bandai Namco Filmworks,Mobile Suit Gundam SEED Destiny
Bandai Namco Filmworks,Witch Hunter Robin
Bandai Namco Filmworks,Aura Battler Dunbine
Bandai Namco Filmworks,The Brave Express Might Gaine
Production I.G,Ghost in the Shell: SAC_2045
Production I.G,Fena: Pirate Princess
Kyoto Animation,Full Metal Panic? Fumoffu
Production I.G,Moribito: Guardian of the Spirit
Toei Animation,Digimon Ghost Game
Bandai Namco Filmworks,Mobile Suit Victory Gundam
Bandai Namco Filmworks,Mobile Suit Gundam ZZ
Bandai Namco Filmworks,Genki Bakuhatsu Ganbaruger
Bandai Namco Filmworks,Crush Gear Turbo
Bandai Namco Filmworks,Seraphim Call
Bandai Namco Filmworks,Combat Mecha Xabungle
Production I.G,Ace of Diamond
Kyoto Animation,Tamako Market
Production I.G,Blue Seed
Bandai Namco Filmworks,Superior Defender Gundam Force
Bandai Namco Filmworks,The Brave Fighter of Legend Da-Garn
Bandai Namco Filmworks,Mighty Cat Masked Niyandar
Bandai Namco Filmworks,La Seine no Hoshi
Bandai Namco Filmworks,Invincible King Trider G7
Production I.G,Aoashi
Production I.G,Moriarty the Patriot
Bones,Darker than Black: Ryūsei no Gemini
Bones,Soul Eater Not!
Bandai Namco Filmworks,Idolmaster: Xenoglossia
Bandai Namco Filmworks,Future GPX Cyber Formula
Bandai Namco Filmworks,Brave Police J-Decker
Bandai Namco Filmworks,Metal Armor Dragonar
Bandai Namco Filmworks,Panzer World Galient
Bandai Namco Filmworks,Love Live! School Idol Project
Bandai Namco Filmworks,Brave Exkaiser
Bones,Mob Psycho 100
Production I.G,Ao Haru Ride
Toei Animation,Delicious Party Pretty Cure
Bones,Bungo Stray Dogs
Gainax,Neon Genesis Evangelion
Bones,SK8 the Infinity
Bones,The Case Study of Vanitas
Bones,Fullmetal Alchemist
Bones,Scrapped Princess
Bones,Tokyo Magnitude 8.0
White Fox,Tears to Tiara
Gainax,Medaka Box
Bones,Concrete Revolutio
Bandai Namco Filmworks,Future Robot Daltanious
Gainax,Nadia: The Secret of Blue Water
Bones,Hisone to Maso-tan
Bones,Concrete Revolutio: The Last Song
Bones,The Skull Man
Bones,Fullmetal Alchemist: Brotherhood
Bones,Gosick
Bones,Soul Eater
Gainax,He Is My Master
Gainax,Dantalian no Shoka
White Fox,Katanagatari
Bee Train,Phantom: Requiem for the Phantom
Bones,Darker than Black
Gainax,Hanamaru Kindergarten
Gainax,Panty & Stocking with Garterbelt
Production I.G,Bunny Drop
Gainax,Petite Princess Yucie
Gainax,Kare Kano
White Fox,Goblin Slayer
Bones,Jyu-Oh-Sei
Production I.G,Housing Complex C
Bones,Carole & Tuesday
Bones,Ouran High School Host Club
Bones,Captain Earth
A.C.G.T,Dai-Shogun – Great Revolution
CloverWorks,The Millionaire Detective - Balance: Unlimited
AXsiZ,Ms. Vampire Who Lives in My Neighborhood
Pine Jam,Gleipnir
OLM Inc.,Fantasy Bishōjo Juniku Ojisan to
Gaina,Hulaing Babies
Bandai Namco Filmworks,Q114681531
Bandai Namco Filmworks,The Big O
Bandai Namco Filmworks,Giant Gorg
Bandai Namco Filmworks,Wild Knights Gulkeeva
OLM Inc.,Dark Gathering
Bandai Namco Filmworks,Dirty Pair
Pine Jam,Just Because!
Bandai Namco Filmworks,Wave Listen to Me!
Bandai Namco Filmworks,Yashahime: Princess Half-Demon
OLM Inc.,Tomica Bond Combination Earth Granner
Kyoto Animation,Lucky Star
Bandai Namco Filmworks,Gundam Build Fighters Try
Bandai Namco Filmworks,Gundam Build Divers
Bandai Namco Filmworks,Horizon in the Middle of Nowhere
Bandai Namco Filmworks,Accel World
Signal.MD,The Fire Hunter
Bandai Namco Filmworks,Cyborg 009
Lide Inc.,Virtual-san Looking
Bandai Namco Filmworks,Raideen the Superior
OLM Inc.,The Most Heretical Last Boss Queen
Bandai Namco Filmworks,Gundam Build Fighters
Kyoto Animation,Sound! Euphonium
OLM Inc.,Gudetama: An Eggcellent Adventure
Kyoto Animation,Love Chunibyo & Other Delusions
Kyoto Animation,K-On!
Kyoto Animation,The Melancholy of Haruhi Suzumiya
Kyoto Animation,Free!
Maho Film,By the Grace of the Gods
Maho Film,I'm Standing on a Million Lives
Bandai Namco Filmworks,Cross Ange
Bandai Namco Filmworks,Mobile Suit Gundam-san
CygamesPictures,Princess Connect! Re:Dive
Bandai Namco Filmworks,Kagaku Bōkentai Tansar 5
Kyoto Animation,Myriad Colors Phantom World
Kyoto Animation,Miss Kobayashi's Dragon Maid
Bandai Namco Filmworks,Love Live! Sunshine!!
Kyoto Animation,Hyouka
NUT,Deca-Dence
Bandai Namco Filmworks,Love Live! Nijigasaki High School Idol Club
Kyoto Animation,Violet Evergarden
Bandai Namco Filmworks,Scarlet Nexus
Bandai Namco Filmworks,King's Raid: Successors of the Will
Bandai Namco Filmworks,Good Luck Girl!
Kyoto Animation,Nichijou
Kyoto Animation,Kyōkai no Kanata
CloverWorks,Shadows House
Yaoyorozu,Kemono Friends
Kyoto Animation,Amagi Brilliant Park
CloverWorks,Seishun Buta Yarō
A.C.G.T,Orient
OLM Inc.,Pokémon
Bandai Namco Filmworks,Love Live! Superstar!!
CloverWorks,Persona 5: The Animation
Bandai Namco Filmworks,Gundam Reconguista in G
OLM Inc.,Berserk
CloverWorks,Wonder Egg Priority
A.C.G.T,Kino's Journey
OLM Inc.,Garugaku.: Sei Girls Square Gakuin
OLM Inc.,Megaton Musashi
AXsiZ,Ms. Koizumi Loves Ramen Noodles
Bandai Namco Filmworks,Mobile Suit Gundam Unicorn RE:0096
Bandai Namco Filmworks,Mobile Suit Gundam: The Witch from Mercury
OLM Inc.,Kamisama Minarai: Himitsu no Cocotama
Zero-G,Tsugumomo
Signal.MD,Mars Red
CygamesPictures,Manaria Friends
Zero-G,My Roommate is a Cat
Bandai Namco Filmworks,Mobile Suit Gundam: The Origin – Advent of the Red Comet
AXsiZ,Maesetsu!
OLM Inc.,Kasumin
OLM Inc.,Komi Can't Communicate
CloverWorks,Slow Start
AXsiZ,World's End Harem
Bandai Namco Filmworks,Synduality
OLM Inc.,ODD TAXI
OLM Inc.,Love All Play
OLM Inc.,Inazuma Eleven
OLM Inc.,Wedding Peach
OLM Inc.,Utawarerumono
OLM Inc.,PIKAIA!
Connect,Strike the Blood
Science Saru,Japan Sinks: 2020
Gaina,Forest of Piano
A.C.G.T,Lime-iro Ryūkitan X
OLM Inc.,Ray the Animation
A.C.G.T,Minami Kamakura High School Girls Cycling Club
Geno Studio,Golden Kamuy
Zero-G,Grand Blue
OLM Inc.,Ninjala
Signal.MD,Tantei Team KZ Jiken Note
Signal.MD,Recovery of an MMO Junkie
OLM Inc.,King's Raid: Successors of the Will
CloverWorks,Darling in the Franxx
Pine Jam,Gamers!
Ekachi Epilka,180-Byō de Kimi no Mimi o Shiwase ni Dekiru ka?
Nippon Animation,The Jungle Book
Nippon Animation,Laura The Prairie Girl
Nippon Animation,Anne of Green Gables
Nippon Animation,Maya the Honey Bee
Nippon Animation,Little Lord Fauntleroy
Nippon Animation,Chibi Maruko-chan
Science Saru,The Heike Story
CloverWorks,Tokyo 24th Ward
CloverWorks,In the Heart of Kunoichi Tsubaki
Group TAC,Miami Guns
Nippon Animation,Misha the Little Bear
Maho Film,In the Land of Leadale
Geno Studio,Shine On! Bakumatsu Boys
Blade,Level 1 Demon Lord and One Room Hero
Nippon Animation,Yakunara Mug Cup mo
Blade,The Maid I Hired Recently Is Mysterious
Nippon Animation,Future Boy Conan
Nippon Animation,Mīmu Iro Iro Yume no Tabi
Nippon Animation,The Adventures of Tom Sawyer
Nippon Animation,Hyakko
Science Saru,Yurei Deco
Connect,Slow Loop
Nippon Animation,Princess Sara
Signal.MD,Kizuna no Allele
Nippon Animation,Love All Play
Nippon Animation,Katri Girl of the Meadows
Nippon Animation,Lucy-May of the Southern Rainbow
Nippon Animation,The Story of Pollyanna Girl of Love
Nippon Animation,Kon'nichiwa Anne: Before Green Gables
Nippon Animation,Blocker Gundan 4 Machine Blaster
AXsiZ,Yumemiru Danshi wa Genjitsushugisha
EMT Squared,Beast Tamer
Zero-G,Farming Life in Another World
Zero-G,The Ice Guy and His Cool Female Colleague
Nippon Animation,Dagon in the Land of Weeds
Pine Jam,Kubo Won't Let Me Be Invisible
Nippon Animation,Little Lulu and Her Little Friends
Studio Blanc,Uramichi Oniisan
Nippon Animation,Cosmic Baton Girl Princess Comet
Nippon Animation,Ao no Orchestra
Nippon Animation,The Story of Perrine
Nippon Animation,Attack on Tomorrow
Nippon Animation,Ai no Gakko Cuore Monogatari
Nippon Animation,The Bush Baby
Nippon Animation,Piccolino no Bōken
Nippon Animation,Wakakusa no Charlotte
Nippon Animation,Pygmalio
Nippon Animation,Mirai Shounen Conan II: Taiga Adventure
Ekachi Epilka,Aru Asa Dummy Head Mike ni Natteita Ore-kun no Jinsei
EMT Squared,Chronicles of an Aristocrat Reborn in Another World
TMS Entertainment,Telepathy Shōjo Ran
Maho Film,I'm the Villainess So I'm Taming the Final Boss
Nippon Animation,Porphy no Nagai Tabi
Nippon Animation,Uchūsen Sagittarius
NUT,Saga of Tanya the Evil
CloverWorks,My Dress-Up Darling
CloverWorks,Horimiya
Signal.MD,Platinum End
Bibury Animation Studios,Prima Doll
Nippon Animation,Fūsen no Doratarō
Nippon Animation,Grander Musashi RV
CloverWorks,Akebi's Sailor Uniform
CloverWorks,Bocchi the Rock!
Signal.MD,Dragon Goes House-Hunting
CloverWorks,Spy × Family
Studio Blanc,The Reincarnation of the Strongest Exorcist in Another World
Group TAC,Nadia: The Secret of Blue Water
TMS Entertainment,Lupin III Part II
TMS Entertainment,Sherlock Hound
CygamesPictures,The Idolmaster Cinderella Girls U149
Group TAC,Those Who Hunt Elves
Group TAC,Ballad of a Shinigami
Group TAC,Gakuen Alice
Blade,The Greatest Demon Lord Is Reborn as a Typical Nobody
AXsiZ,Ulysses: Jeanne d'Arc to Renkin no Kishi
Pine Jam,Kageki Shojo!!
Pine Jam,Do It Yourself!!
Gaina,The Yakuza's Guide to Babysitting
TMS Entertainment,Sonic X
Tatsunoko Production,The Legend of Heroes: Trails of Cold Steel – Northern War
Tatsunoko Production,Ping Pong the Animation
OLM Inc.,Age 12: A Little Heart-Pounding season 2
MAPPA,Season 1
Shaft,Hidamari Sketch × Honeycomb
Kyoto Animation,Miss Kobayashi's Dragon Maid S
Shaft,Pani Poni Dash!
Bandai Namco Filmworks,Genjitsu no Yohane: Sunshine in the Mirror
P.A. Works,Charlotte
Actas,Mermaid Melody Pichi Pichi Pitch season 1
OLM Inc.,Age 12: A Little Heart-Pounding season 1
Shaft,Gourmet Girl Graffiti
Shaft,Tsukuyomi: Moon Phase
Kinema Citrus,The Rising of the Shield Hero season 1
Kinema Citrus,The Rising of the Shield Hero season 2
Kyoto Animation,Sound! Euphonium season 1
Kyoto Animation,Sound! Euphonium season 2
Kyoto Animation,Sound! Euphonium season 3
Madhouse,Galaxy Angel Z
Shaft,Magia Record
Gonzo,Rosario + Vampire: Capu2
J.C.Staff,Is It Wrong to Try to Pick Up Girls in a Dungeon? season 3
Bones,Fullmetal Alchemist: The Sacred Star of Milos
Madhouse,Galaxy Angel 3
Group TAC,Those Who Hunt Elves 2
E&G Films,Slayers Try
E&G Films,Slayers season 1
Eight Bit,That Time I Got Reincarnated as a Slime season 1
Shaft,Luminous Witches
OLM Inc.,Inazuma Eleven Ares no Tenbin
3Hz,The Devil Is a Part-Timer!!
P.A. Works,Sakura Quest
Tatsunoko Production,Superbook II
Toei Animation,Mo~tto! Ojamajo Doremi
Actas,Mermaid Melody Pichi Pichi Pitch Pure
Studio Comet,RobiHachi
Mushi Production,Dororo
Shin-Ei Animation,Teasing Master Takagi-san season 1
Shin-Ei Animation,Teasing Master Takagi-san season 3
Shin-Ei Animation,Teasing Master Takagi-san season 2
Toei Animation,Ojamajo Doremi
J.C.Staff,Date a Live III
White Fox,Is the Order a Rabbit??
Tatsunoko Production,Sket Dance
Tatsunoko Production,Okawari-Boy Starzan S
TMS Entertainment,Rupan Hassei
Tatsunoko Production,Wake Up Girls!
CloverWorks,Shadows House season 1
TMS Entertainment,Devichil
E&G Films,Slayers Next
Shaft,March Comes In Like a Lion
Shaft,RWBY: Ice Queendom
P.A. Works,Glasslip
Eight Bit,That Time I Got Reincarnated as a Slime season 2
J.C.Staff,Is It Wrong to Try to Pick Up Girls in a Dungeon? season 4
Tatsunoko Production,Alpen Rose
Studio Comet,High School Mystery: Gakuen Nanafushigi
Tatsunoko Production,Pretty Rhythm: All Star Selection
Tatsunoko Production,PriPara
Group TAC,Those Who Hunt Elves season 1
Toei Animation,Doctor Slump
Studio Comet,Peach Girl
P.A. Works,Shirobako
P.A. Works,Kuromukuro
Bandai Namco Filmworks,Short Peace
J.C.Staff,Is It Wrong to Try to Pick Up Girls in a Dungeon? season 2
White Fox,The Devil Is a Part-Timer! season 1
Kyoto Animation,K-On!!
Tatsunoko Production,Kiratto Pri Chan
Satelight,Macross Delta the Movie: Passionate Walküre
Studio Comet,Sora no Manimani
Magic Bus,Chronicles of an Aristocrat Reborn in Another World
MAPPA,Jujutsu Kaisen season 1
MAPPA,Jujutsu Kaisen season 2
TMS Entertainment,Lupin the 3rd vs Detective Conan
Bibury Animation Studios,The Quintessential Quintuplets season 2
Project No.9,Ro-Kyu-Bu! SS
Drive,KonoSuba season 3
Studio Comet,Reborn to Master the Blade: From Hero-King to Extraordinary Squire
Studio Comet,The Marshmallow Times
Tatsunoko Production,Namiuchigiwa no Muromi-san
J.C.Staff,Is It Wrong to Try to Pick Up Girls in a Dungeon? season 1
Kyoto Animation,Miss Kobayashi's Dragon Maid season 1
Tatsunoko Production,The Price of Smiles
Bandai Namco Filmworks,Artiswitch
Bandai Namco Pictures,Aikatsu on Parade!
Tatsunoko Production,Yozakura Quartet: Hana no Uta
J.C.Staff,The Demon Girl Next Door season 1
J.C.Staff,The Demon Girl Next Door season 2
Tatsunoko Production,The Adventures of Hutch the Honeybee
Encourage Films,Is the Order a Rabbit? Bloom
Toei Animation,Ojamajo Doremi Dokka~n!
EMT Squared,Kuma Kuma Kuma Bear season 1
J.C.Staff,In Another World With My Smartphone season 2
Project No.9,Ro-Kyu-Bu! season 1
Toei Animation,Ojamajo Doremi ♯
Tatsunoko Production,Yatterman Night
Platinum Vision,Kono Oto Tomare! Sounds of Life season 1
Platinum Vision,Kono Oto Tomare! Sounds of Life season 2
CygamesPictures,Princess Connect! Re:Dive season 1
CygamesPictures,Princess Connect! Re:Dive season 2
Bones,Sword of the Stranger
OLM Inc.,Pokemon
Shaft,Assault Lily Bouquet
Shaft,Hidamari Sketch × 365
Shaft,Denpa Onna to Seishun Otoko
Studio Blanc,Ro-Kyu-Bu! season 1
Tatsunoko Production,Shōwa Ahō Zhoshi Akanuke Ichiban!
Shaft,Sasami-san@Ganbaranai
Tatsunoko Production,Waccha PriMagi!
Production I.G,Ghost in the Shell: S.A.C. 2nd GIG
Eiken,Suteki! Sakura Mama
Yaoyorozu,Kemurikusa
Madhouse,Galaxy Angel 4
OLM Inc.,Restaurant to Another World season 2
Shaft,Hidamari Sketch × Hoshimittsu
Kinema Citrus,Is the Order a Rabbit??
Shaft,Hidamari Sketch
Shaft,He Is My Master
Kyoto Animation,Love Chunibyo and Other Delusions! -Heart Throb-
Production I.G,Giovanni's Island
Studio Kai,Uma Musume Pretty Derby season 2
Bandai Namco Filmworks,City Hunter '91
Bandai Namco Filmworks,City Hunter 2
Bandai Namco Filmworks,City Hunter 3
Bandai Namco Filmworks,City Hunter season 1
White Fox,Is the Order a Rabbit?
Madhouse,Galaxy Angel
